name,freebase_id,dob
Baruch Spinoza,/m/015n8,
Albert Einstein,/m/0jcx,
Blaise Pascal,/m/01b0x,
Alexis de Tocqueville,/m/015v8f,
G. K. Chesterton,/m/037jz,
Johann Wolfgang von Goethe,/m/042q3,
Joseph Butler,/m/015r88,
Adam Smith,/m/0tfc,
Thomas Paine,/m/07kwl,
William Godwin,/m/011zsy,
William Petty,/m/01yfj1,
Zhu Xi,/m/01kdw9,
Wang Yangming,/m/02xb9k,
Benjamin Tucker,/m/01hkr,
Alfred North Whitehead,/m/0bwpg,
Ludwig von Mises,/m/0cpvcd,
Francis Hutcheson,/m/019sh3,
Paracelsus,/m/013wgy,
Samuel Alexander,/m/05wk13x,
Bernard Mandeville,/m/02qjjq,
Nikolai Berdyaev,/m/01thjq,
William Cleghorn,/m/02z9h_7,
Adam Ferguson,/m/017qy4,
Antoni Lange,/m/070mww,
Heraclitus,/m/03l6h,
Juan Donoso Cortés,/m/08hd3x,
Georges Sorel,/m/02zng2,
Emer de Vattel,/m/05x1vk,
Pierre-Joseph Proudhon,/m/0d7t6,
Kenneth Waltz,/m/04b2f0,
Moritz Schlick,/m/01dfd4,
Swami Vivekananda,/m/0cdfl,
Max Stirner,/m/0slqn,
Aristotle,/m/0gz_,
Bertrand Russell,/m/01bpn,
Arthur Schopenhauer,/m/0j3v,
Denis Diderot,/m/028xm,
Baron d'Holbach,/m/01btgd,
George Berkeley,/m/034ms,
George Santayana,/m/018wj9,
Giacomo Leopardi,/m/0c8cl,
Herbert Spencer,/m/01kznw,
Ayn Rand,/m/0h25,
John Stuart Mill,/m/03_hd,
Apuleius,/m/0t6h,
Ludwig Wittgenstein,/m/04hcw,
Niccolò Machiavelli,/m/05cvs,
René Descartes,/m/06csk,
Jakob Böhme,/m/02by2w,
Giambattista Vico,/m/015_hb,
Benedetto Croce,/m/037c7x,
Zeno of Elea,/m/01236p,
Otto Weininger,/m/01ckkq,
Isabel Paterson,/m/04zks3,
Baltasar Gracián,/m/04qrrt,
Antonio Labriola,/m/07m56m,
Democritus,/m/0290q,
Maimonides,/m/04xk5,
Parmenides,/m/05w9g,
Augustine of Hippo,/m/0w6w,
Ibn Tufail,/m/046bnx,
Giovanni Gentile,/m/03blcp,
Giordano Bruno,/m/03d8f,
Thomas Reid,/m/07bvs,
Averroes,/m/0cvlw,
C. S. Lewis,/m/01wd02c,
Michel de Montaigne,/m/0c2cl,
William James,/m/0mj0c,
Alexius Meinong,/m/0247kx,
Hermann Lotze,/m/01b5b6,
Joseph de Maistre,/m/01f6vp,
Christoph von Sigwart,/m/03lr9f,
G. E. Moore,/m/034n8,
Giuseppe Peano,/m/03dyg,
Gottfried Wilhelm von Leibniz,/m/0372p,
Owen Barfield,/m/02tp7c,
Richard McKeon,/m/0bbm0m,
Damaris Cudworth Masham,/m/058sj2,
Antero de Quental,/m/0373rz,
Fernando Pessoa,/m/03145,
Ernst Haeckel,/m/02mtv,
David Hume,/m/026lj,
Edmund Burke,/m/02qr0,
Henry David Thoreau,/m/0bwx3,
Emma Goldman,/m/02nmr,
Peter Kropotkin,/m/0dgq9,
Nicolas Malebranche,/m/017h16,
Pyrrho,/m/011k9p,
Pierre Bayle,/m/01stjn,
Epicurus,/m/02q_8,
Marshall McLuhan,/m/04y4j,
Sextus Empiricus,/m/0182_n,
Epictetus,/m/02tkc,
Lev Shestov,/m/04_d1b,
Rudolf Christoph Eucken,/m/01h90j,
Karl Leonhard Reinhold,/m/04qpgj,
Friedrich Schiller,/m/0h336,
Friedrich Nietzsche,/m/02wh0,
Lysander Spooner,/m/0kmkv,
Francis Bacon,/m/030dr,
Ralph Waldo Emerson,/m/06jkm,
African Spir,/m/08nwqf,
Ludwig Feuerbach,/m/0182xl,
Friedrich Engels,/m/0cp8j,
Friedrich Albert Lange,/m/01qwjz,
Protagoras,/m/06035,
Auguste Comte,/m/0zz2v,
Bruno Bauer,/m/0jnsf,
Frédéric Bastiat,/m/0301k,
Georg Wilhelm Friedrich Hegel,/m/039n1,
Johann Gottlieb Fichte,/m/0350t,
Marquis de Sade,/m/02flz,
Geoffrey Chaucer,/m/03b_m,
Novalis,/m/01fgc6,
Friedrich Wilhelm Joseph Schelling,/m/0182w0,
Nicholas of Cusa,/m/01pqmd,
Johann Georg Hamann,/m/01k8bj,
Charles Bray,/m/02x4v20,
George Boole,/m/09jzz,
Johann Gottfried Herder,/m/01qzgm,
Johannes Scotus Eriugena,/m/044g1n,
Friedrich Heinrich Jacobi,/m/01cz85,
Gotthold Ephraim Lessing,/m/0378w,
Henri Bergson,/m/03j43,
Isaac Newton,/m/03s9v,
Immanuel Kant,/m/03sbs,
Hugo Grotius,/m/0hl94,
Christian Wolff,/m/01czwg,
Félix Ravaisson-Mollien,/m/017lgr,
Francisco Suárez,/m/042bxj,
Johannes Nikolaus Tetens,/m/04q48q,
Philodemus,/m/07slxy,
"Sir William Hamilton, 9th Baronet",/m/01d89l,
Alexander Gottlieb Baumgarten,/m/01r5yn,
Émile Durkheim,/m/09j84,
Carl Jung,/m/0bk5r,
Søren Kierkegaard,/m/06qvh,
Maine de Biran,/m/017jns,
Johann Heinrich Lambert,/m/0n29h,
Jean-Jacques Rousseau,/m/0420y,
Augustus De Morgan,/m/0q2w,
Jean Bodin,/m/01nywz,
William Whewell,/m/01d48b,
Alexander Bain,/m/0121qt,
Charles Babbage,/m/01qmz,
John Locke,/m/043s3,
John Cowper Powys,/m/01ffjd,
John Dewey,/m/04411,
John Dee,/m/043y0,
Pierre Gassendi,/m/01b_dj,
"Claude Henri de Rouvroy, comte de Saint-Simon",/m/01f3ss,
James Mill,/m/017h4t,
George Herbert Mead,/m/01x73v,
Wilhelm von Humboldt,/m/081_6,
Thomas Hill Green,/m/01f0h6,
Josiah Warren,/m/06h_n6,
George Sylvester Morris,/m/09yp5w,
Karl Marx,/m/048cl,
Leo Tolstoy,/m/01tz6vs,
Charles Fourier,/m/01jfhs,
Jules Michelet,/m/01s6q3,
Alexander Herzen,/m/02fkcx,
Petr Chelčický,/m/029km3,
Joseph Dietzgen,/m/03_88v,
Karl Kautsky,/m/01x_n6,
Marcus Aurelius,/m/051x8,
Mahatma Gandhi,/m/04xfb,
Mary Wollstonecraft,/m/04_cw,
Lucretius,/m/0987k,
Desiderius Erasmus,/m/02rpq,
Michael Faraday,/m/04zt0,
Jan Hus,/m/042x_,
Frank P. Ramsey,/m/01jkgd,
Posidonius,/m/0m1s3,
Plutarch,/m/063_9,
Robert Boyle,/m/0d98m,
Plato,/m/05qmj,
Gorgias,/m/0p7d0,
Nasir al-Din al-Tusi,/m/0428hj,
Pythagoras,/m/05sr0,
Abū Rayḥān al-Bīrūnī,/m/01ny93,
Omar Khayyám,/m/0m_hz,
Terence McKenna,/m/01k1wq,
Duns Scotus,/m/0m1wd,
Adam Weishaupt,/m/0wjz,
Mikhail Bakunin,/m/0fyhn,
Samuel Taylor Coleridge,/m/078w2,
Sigmund Freud,/m/06myp,
Josef Breuer,/m/053rzy,
Karl Robert Eduard von Hartmann,/m/02vhlz,
William Wollaston,/m/0q250,
Franz Brentano,/m/0l235,
Seneca the Younger,/m/0j_8y,
Thomas Carlyle,/m/0ymtb,
Thomas Hobbes,/m/07c37,
Thomas Jefferson,/m/07cbs,
Giovanni Pico della Mirandola,/m/013w_3,
Thomas More,/m/07hl9,
Thomas Aquinas,/m/07kb5,
F. H. Bradley,/m/02dtxl,
Proclus,/m/066c6,
Pseudo-Dionysius the Areopagite,/m/05x_l,
Walt Whitman,/m/085gk,
William Paley,/m/08496,
Wang Fuzhi,/m/055kf1,
Richard Avenarius,/m/0440vk,
Cheng Yi,/m/027gyyf,
Rudolf Steiner,/m/06hwd,
Charles Bernard Renouvier,/m/017lh3,
David Hartley,/m/017gqs,
F. C. S. Schiller,/m/05xp4l,
Muhammad Usman Damani,/m/0ch3vxc,
Muhammad Sirajuddin Naqshbandi,/m/0ch2vc_,
Zhou Dunyi,/m/06r6f2,
Frithjof Bergmann,/m/0b0kb9,
Ernst Mach,/m/0fcy0,
Guy Debord,/m/014pkc,
Philippa Foot,/m/04ycgp,
Candace Vogler,/m/0bbs7g,
Carl Stumpf,/m/02hrxh,
Leo Strauss,/m/01dvtx,
Joseph Cropsey,/m/02691cg,
Evald Ilyenkov,/m/02n65z,
Cornelius Castoriadis,/m/032hw6,
Cornelius Van Til,/m/0bh36k,
Francis Schaeffer,/m/018d22,
Kurt Koffka,/m/01q0z8,
Euclid of Megara,/m/03n25g,
Stilpo,/m/04jdxd,
Max Horkheimer,/m/04xnh,
Erich Fromm,/m/0cb9c,
H. L. A. Hart,/m/01tfg3,
Neil MacCormick,/m/025q95,
Henry Sidgwick,/m/01dcwz,
J. J. C. Smart,/m/028ssh,
Frantz Fanon,/m/0nk7l,
Lewis Gordon,/m/06nj4n,
Nelson Goodman,/m/04dyc2,
Jerry Fodor,/m/027931,
Arthur Danto,/m/041yx0,
György Lukács,/m/01t57w,
René Guénon,/m/032xc4,
Huston Smith,/m/03v8zv,
Gianni Vattimo,/m/07k8bc,
Mario Kopić,/m/04y9j94,
Hannah Arendt,/m/0nk72,
Cleomedes,/m/077h0y,
Jason of Nysa,/m/03ck33s,
Hilary Putnam,/m/0j_qm,
Alfred Schütz,/m/0ql9l,
Georg Simmel,/m/0qngb,
Wilhelm Windelband,/m/04f7mv,
Bernard Lonergan,/m/0446t9,
Dieter Henrich,/m/02vp35p,
Manfred Frank,/m/02rxpj7,
Roland Barthes,/m/017kb5,
John Anderson,/m/01368h,
David Chalmers,/m/01m382,
Richard Price,/m/0crqcc,
Simone Weil,/m/018klb,
Friedrich Schleiermacher,/m/018fn7,
Alvin Plantinga,/m/0m6yd,
Robin Collins,/m/0bjj5b,
Michael C. Rea,/m/0ds54f6,
Bas van Fraassen,/m/04ztyb,
Al-Mawardi,/m/04h_6r,
Jean Wahl,/m/04cqs6,
Alan Watts,/m/01crts,
Aurel Kolnai,/m/03c3_3x,
Phillip Blond,/m/04n439v,
Slavoj Žižek,/m/0169ff,
Alain Badiou,/m/0351yk,
Peter Sloterdijk,/m/03tqkv,
Georges Canguilhem,/m/039hch,
Peter Rollins,/m/0d3rkt,
Jacob Taubes,/m/087jng,
Yahya ibn Ma'in,/m/0h454m,
Gilles Deleuze,/m/0399p,
Manuel De Landa,/m/021ql3,
Michael J. Shapiro,/m/0b1zk3,
William E. Connolly,/m/06p686,
Jean Cavaillès,/m/0f2w0r,
Carl Schmitt,/m/024kq1,
Émile Chartier,/m/039lqm,
Jacques Rancière,/m/01tqpm,
Gillian Rose,/m/081g2h,
Jacques Lacan,/m/043tg,
Ivan Illich,/m/01jbdk,
Rajneesh,/m/019fxc,
Gaston Bachelard,/m/02nxw4,
Antonio Negri,/m/01m2jf,
Arne Næss,/m/039v0w,
Antoine Arnauld,/m/01h7yq,
Étienne Bonnot de Condillac,/m/017gzg,
A. C. Grayling,/m/06g4pw,
Allan Bloom,/m/0lb'Baruch Spinoza',/m/015n8,
b'Albert Einstein',/m/0jcx,
b'Blaise Pascal',/m/01b0x,
b'Alexis de Tocqueville',/m/015v8f,
b'G. K. Chesterton',/m/037jz,
b'Johann Wolfgang von Goethe',/m/042q3,
b'Joseph Butler',/m/015r88,
b'Adam Smith',/m/0tfc,
b'Thomas Paine',/m/07kwl,
b'William Godwin',/m/011zsy,
b'William Petty',/m/01yfj1,
b'Zhu Xi',/m/01kdw9,
b'Wang Yangming',/m/02xb9k,
b'Benjamin Tucker',/m/01hkr,
b'Alfred North Whitehead',/m/0bwpg,
b'Ludwig von Mises',/m/0cpvcd,
b'Francis Hutcheson',/m/019sh3,
b'Paracelsus',/m/013wgy,
b'Samuel Alexander',/m/05wk13x,
b'Bernard Mandeville',/m/02qjjq,
b'Nikolai Berdyaev',/m/01thjq,
b'William Cleghorn',/m/02z9h_7,
b'Adam Ferguson',/m/017qy4,
b'Antoni Lange',/m/070mww,
b'Heraclitus',/m/03l6h,
b'Juan Donoso Cort\xc3\xa9s',/m/08hd3x,
b'Georges Sorel',/m/02zng2,
b'Emer de Vattel',/m/05x1vk,
b'Pierre-Joseph Proudhon',/m/0d7t6,
b'Kenneth Waltz',/m/04b2f0,
b'Moritz Schlick',/m/01dfd4,
b'Swami Vivekananda',/m/0cdfl,
b'Max Stirner',/m/0slqn,
b'Aristotle',/m/0gz_,
b'Bertrand Russell',/m/01bpn,
b'Arthur Schopenhauer',/m/0j3v,
b'Denis Diderot',/m/028xm,
"b""Baron d'Holbach""",/m/01btgd,
b'George Berkeley',/m/034ms,
b'George Santayana',/m/018wj9,
b'Giacomo Leopardi',/m/0c8cl,
b'Herbert Spencer',/m/01kznw,
b'Ayn Rand',/m/0h25,
b'John Stuart Mill',/m/03_hd,
b'Apuleius',/m/0t6h,
b'Ludwig Wittgenstein',/m/04hcw,
b'Niccol\xc3\xb2 Machiavelli',/m/05cvs,
b'Ren\xc3\xa9 Descartes',/m/06csk,
b'Jakob B\xc3\xb6hme',/m/02by2w,
b'Giambattista Vico',/m/015_hb,
b'Benedetto Croce',/m/037c7x,
b'Zeno of Elea',/m/01236p,
b'Otto Weininger',/m/01ckkq,
b'Isabel Paterson',/m/04zks3,
b'Baltasar Graci\xc3\xa1n',/m/04qrrt,
b'Antonio Labriola',/m/07m56m,
b'Democritus',/m/0290q,
b'Maimonides',/m/04xk5,
b'Parmenides',/m/05w9g,
b'Augustine of Hippo',/m/0w6w,
b'Ibn Tufail',/m/046bnx,
b'Giovanni Gentile',/m/03blcp,
b'Giordano Bruno',/m/03d8f,
b'Thomas Reid',/m/07bvs,
b'Averroes',/m/0cvlw,
b'C. S. Lewis',/m/01wd02c,
b'Michel de Montaigne',/m/0c2cl,
b'William James',/m/0mj0c,
b'Alexius Meinong',/m/0247kx,
b'Hermann Lotze',/m/01b5b6,
b'Joseph de Maistre',/m/01f6vp,
b'Christoph von Sigwart',/m/03lr9f,
b'G. E. Moore',/m/034n8,
b'Giuseppe Peano',/m/03dyg,
b'Gottfried Wilhelm von Leibniz',/m/0372p,
b'Owen Barfield',/m/02tp7c,
b'Richard McKeon',/m/0bbm0m,
b'Damaris Cudworth Masham',/m/058sj2,
b'Antero de Quental',/m/0373rz,
b'Fernando Pessoa',/m/03145,
b'Ernst Haeckel',/m/02mtv,
b'David Hume',/m/026lj,
b'Edmund Burke',/m/02qr0,
b'Henry David Thoreau',/m/0bwx3,
b'Emma Goldman',/m/02nmr,
b'Peter Kropotkin',/m/0dgq9,
b'Nicolas Malebranche',/m/017h16,
b'Pyrrho',/m/011k9p,
b'Pierre Bayle',/m/01stjn,
b'Epicurus',/m/02q_8,
b'Marshall McLuhan',/m/04y4j,
b'Sextus Empiricus',/m/0182_n,
b'Epictetus',/m/02tkc,
b'Lev Shestov',/m/04_d1b,
b'Rudolf Christoph Eucken',/m/01h90j,
b'Karl Leonhard Reinhold',/m/04qpgj,
b'Friedrich Schiller',/m/0h336,
b'Friedrich Nietzsche',/m/02wh0,
b'Lysander Spooner',/m/0kmkv,
b'Francis Bacon',/m/030dr,
b'Ralph Waldo Emerson',/m/06jkm,
b'African Spir',/m/08nwqf,
b'Ludwig Feuerbach',/m/0182xl,
b'Friedrich Engels',/m/0cp8j,
b'Friedrich Albert Lange',/m/01qwjz,
b'Protagoras',/m/06035,
b'Auguste Comte',/m/0zz2v,
b'Bruno Bauer',/m/0jnsf,
b'Fr\xc3\xa9d\xc3\xa9ric Bastiat',/m/0301k,
b'Georg Wilhelm Friedrich Hegel',/m/039n1,
b'Johann Gottlieb Fichte',/m/0350t,
b'Marquis de Sade',/m/02flz,
b'Geoffrey Chaucer',/m/03b_m,
b'Novalis',/m/01fgc6,
b'Friedrich Wilhelm Joseph Schelling',/m/0182w0,
b'Nicholas of Cusa',/m/01pqmd,
b'Johann Georg Hamann',/m/01k8bj,
b'Charles Bray',/m/02x4v20,
b'George Boole',/m/09jzz,
b'Johann Gottfried Herder',/m/01qzgm,
b'Johannes Scotus Eriugena',/m/044g1n,
b'Friedrich Heinrich Jacobi',/m/01cz85,
b'Gotthold Ephraim Lessing',/m/0378w,
b'Henri Bergson',/m/03j43,
b'Isaac Newton',/m/03s9v,
b'Immanuel Kant',/m/03sbs,
b'Hugo Grotius',/m/0hl94,
b'Christian Wolff',/m/01czwg,
b'F\xc3\xa9lix Ravaisson-Mollien',/m/017lgr,
b'Francisco Su\xc3\xa1rez',/m/042bxj,
b'Johannes Nikolaus Tetens',/m/04q48q,
b'Philodemus',/m/07slxy,
"b'Sir William Hamilton, 9th Baronet'",/m/01d89l,
b'Alexander Gottlieb Baumgarten',/m/01r5yn,
b'\xc3\x89mile Durkheim',/m/09j84,
b'Carl Jung',/m/0bk5r,
b'S\xc3\xb8ren Kierkegaard',/m/06qvh,
b'Maine de Biran',/m/017jns,
b'Johann Heinrich Lambert',/m/0n29h,
b'Jean-Jacques Rousseau',/m/0420y,
b'Augustus De Morgan',/m/0q2w,
b'Jean Bodin',/m/01nywz,
b'William Whewell',/m/01d48b,
b'Alexander Bain',/m/0121qt,
b'Charles Babbage',/m/01qmz,
b'John Locke',/m/043s3,
b'John Cowper Powys',/m/01ffjd,
b'John Dewey',/m/04411,
b'John Dee',/m/043y0,
b'Pierre Gassendi',/m/01b_dj,
"b'Claude Henri de Rouvroy, comte de Saint-Simon'",/m/01f3ss,
b'James Mill',/m/017h4t,
b'George Herbert Mead',/m/01x73v,
b'Wilhelm von Humboldt',/m/081_6,
b'Thomas Hill Green',/m/01f0h6,
b'Josiah Warren',/m/06h_n6,
b'George Sylvester Morris',/m/09yp5w,
b'Karl Marx',/m/048cl,
b'Leo Tolstoy',/m/01tz6vs,
b'Charles Fourier',/m/01jfhs,
b'Jules Michelet',/m/01s6q3,
b'Alexander Herzen',/m/02fkcx,
b'Petr Chel\xc4\x8dick\xc3\xbd',/m/029km3,
b'Joseph Dietzgen',/m/03_88v,
b'Karl Kautsky',/m/01x_n6,
b'Marcus Aurelius',/m/051x8,
b'Mahatma Gandhi',/m/04xfb,
b'Mary Wollstonecraft',/m/04_cw,
b'Lucretius',/m/0987k,
b'Desiderius Erasmus',/m/02rpq,
b'Michael Faraday',/m/04zt0,
b'Jan Hus',/m/042x_,
b'Frank P. Ramsey',/m/01jkgd,
b'Posidonius',/m/0m1s3,
b'Plutarch',/m/063_9,
b'Robert Boyle',/m/0d98m,
b'Plato',/m/05qmj,
b'Gorgias',/m/0p7d0,
b'Nasir al-Din al-Tusi',/m/0428hj,
b'Pythagoras',/m/05sr0,
b'Ab\xc5\xab Ray\xe1\xb8\xa5\xc4\x81n al-B\xc4\xabr\xc5\xabn\xc4\xab',/m/01ny93,
b'Omar Khayy\xc3\xa1m',/m/0m_hz,
b'Terence McKenna',/m/01k1wq,
b'Duns Scotus',/m/0m1wd,
b'Adam Weishaupt',/m/0wjz,
b'Mikhail Bakunin',/m/0fyhn,
b'Samuel Taylor Coleridge',/m/078w2,
b'Sigmund Freud',/m/06myp,
b'Josef Breuer',/m/053rzy,
b'Karl Robert Eduard von Hartmann',/m/02vhlz,
b'William Wollaston',/m/0q250,
b'Franz Brentano',/m/0l235,
b'Seneca the Younger',/m/0j_8y,
b'Thomas Carlyle',/m/0ymtb,
b'Thomas Hobbes',/m/07c37,
b'Thomas Jefferson',/m/07cbs,
b'Giovanni Pico della Mirandola',/m/013w_3,
b'Thomas More',/m/07hl9,
b'Thomas Aquinas',/m/07kb5,
b'F. H. Bradley',/m/02dtxl,
b'Proclus',/m/066c6,
b'Pseudo-Dionysius the Areopagite',/m/05x_l,
b'Walt Whitman',/m/085gk,
b'William Paley',/m/08496,
b'Wang Fuzhi',/m/055kf1,
b'Richard Avenarius',/m/0440vk,
b'Cheng Yi',/m/027gyyf,
b'Rudolf Steiner',/m/06hwd,
b'Charles Bernard Renouvier',/m/017lh3,
b'David Hartley',/m/017gqs,
b'F. C. S. Schiller',/m/05xp4l,
b'Muhammad Usman Damani',/m/0ch3vxc,
b'Muhammad Sirajuddin Naqshbandi',/m/0ch2vc_,
b'Zhou Dunyi',/m/06r6f2,
b'Frithjof Bergmann',/m/0b0kb9,
b'Ernst Mach',/m/0fcy0,
b'Guy Debord',/m/014pkc,
b'Philippa Foot',/m/04ycgp,
b'Candace Vogler',/m/0bbs7g,
b'Carl Stumpf',/m/02hrxh,
b'Leo Strauss',/m/01dvtx,
b'Joseph Cropsey',/m/02691cg,
b'Evald Ilyenkov',/m/02n65z,
b'Cornelius Castoriadis',/m/032hw6,
b'Cornelius Van Til',/m/0bh36k,
b'Francis Schaeffer',/m/018d22,
b'Kurt Koffka',/m/01q0z8,
b'Euclid of Megara',/m/03n25g,
b'Stilpo',/m/04jdxd,
b'Max Horkheimer',/m/04xnh,
b'Erich Fromm',/m/0cb9c,
b'H. L. A. Hart',/m/01tfg3,
b'Neil MacCormick',/m/025q95,
b'Henry Sidgwick',/m/01dcwz,
b'J. J. C. Smart',/m/028ssh,
b'Frantz Fanon',/m/0nk7l,
b'Lewis Gordon',/m/06nj4n,
b'Nelson Goodman',/m/04dyc2,
b'Jerry Fodor',/m/027931,
b'Arthur Danto',/m/041yx0,
b'Gy\xc3\xb6rgy Luk\xc3\xa1cs',/m/01t57w,
b'Ren\xc3\xa9 Gu\xc3\xa9non',/m/032xc4,
b'Huston Smith',/m/03v8zv,
b'Gianni Vattimo',/m/07k8bc,
b'Mario Kopi\xc4\x87',/m/04y9j94,
b'Hannah Arendt',/m/0nk72,
b'Cleomedes',/m/077h0y,
b'Jason of Nysa',/m/03ck33s,
b'Hilary Putnam',/m/0j_qm,
b'Alfred Sch\xc3\xbctz',/m/0ql9l,
b'Georg Simmel',/m/0qngb,
b'Wilhelm Windelband',/m/04f7mv,
b'Bernard Lonergan',/m/0446t9,
b'Dieter Henrich',/m/02vp35p,
b'Manfred Frank',/m/02rxpj7,
b'Roland Barthes',/m/017kb5,
b'John Anderson',/m/01368h,
b'David Chalmers',/m/01m382,
b'Richard Price',/m/0crqcc,
b'Simone Weil',/m/018klb,
08hsc0,
Alan Carter,/m/02w9k2f,
Mykhailo Drahomanov,/m/08ltzx,
David Kelley,/m/03xbp1,
Nicos Poulantzas,/m/059p_z,
Norman Geisler,/m/05xgmdj,
Herbert McCabe,/m/06vcfr,
Brian Davies,/m/0gkgg6,
Arthur Drews,/m/0dtt8_,
Aristippus the Younger,/m/03cnldp,
Richard Swinburne,/m/01m3q2,
Antony Flew,/m/04tq_d,
Jakob Schegk,/m/0dgq85p,
Nicolaus Taurellus,/m/05qtch,
Milan Komar,/m/03hk0hn,
Homi K. Bhabha,/m/025trc3,
Herbert Feigl,/m/05s0ft,
John Zerzan,/m/0px7f,
Paul Churchland,/m/0dgfzq,
Renata Salecl,/m/0czcgtv,
Kevin Mulligan,/m/02rs3pv,
José Guilherme Merquior,/m/07ngkz,
Burhan al-Din al-Marghinani,/m/026xjlz,
Axel Honneth,/m/073x7n,
Ioan P. Culianu,/m/0598qd,
Mark Lance,/m/0c7xlk,
Ernest Gellner,/m/01gbkp,
Louis Claude de Saint-Martin,/m/07cg0b,
Al-Hasan ibn 'Ali al-Barbahari,/m/02w1sp6,
Ibn Battah,/m/0264wfk,
Arthur Fine,/m/026fjwt,
Nancy Cartwright,/m/05mpds,
P. F. Strawson,/m/01k94t,
Ted Honderich,/m/03p67y,
Kitaro Nishida,/m/04011l,
Keiji Nishitani,/m/05y6wz2,
Ion Dragoumis,/m/0fvmff,
A. D. Gordon,/m/05rt6f,
Renzo Novatore,/m/08pjyw,
Abdulhakim Arvasi,/m/0cwmr5,
Necip Fazıl Kısakürek,/m/07nh_8,
Norberto Bobbio,/m/04_0vt,
Peter Railton,/m/0d6wzk,
Nihal Atsız,/m/07lcb0,
Tetsuro Watsuji,/m/054hnt,
Karel Kosík,/m/027sywj,
Michel Foucault,/m/0ct9_,
Montesquieu,/m/0f9wd,
Jacques Derrida,/m/0dzkq,
Iris Murdoch,/m/0gdgq,
Archytas,/m/01k8rs,
Eudoxus of Cnidus,/m/0cytr,
Muhammad Tahir,/m/05q40rl,
Andy Clark,/m/032sry,
Cleanthes,/m/016_tb,
Chrysippus,/m/0986m,
Lacydes of Cyrene,/m/02ss_v,
Al-Mutanabbi,/m/03pqg1,
Ali ibn al-Madini,/m/0fdv84,
Emil Lask,/m/05p584l,
Alan Soble,/m/08640j,
Leucippus,/m/04k42,
Al-Khazini,/m/02rpzkf,
Knud Ejler Løgstrup,/m/02nkhj,
Bruce Lee,/m/099d4,
William Alston,/m/081l4,
Robert Paul Wolff,/m/032yvb,
Robert C. Solomon,/m/03w26z,
Louis Michael Seidman,/m/0ds4g6n,
Peter G. Ossorio,/m/0c41jl_,
Edith Stein,/m/0bxhd,
Douglas Hofstadter,/m/02fcx,
Empedocles,/m/02lvm,
Ernest Nagel,/m/04j3_z,
Friedrich Hayek,/m/032r1,
Fyodor Dostoyevsky,/m/032l1,
Francis Fukuyama,/m/02_jg,
Theognostus of Alexandria,/m/043sk2n,
Gregory of Nyssa,/m/09g_z,
Hildegard of Bingen,/m/03kf2,
Ramon Llull,/m/0j3_p,
Raymond Aron,/m/01tw09,
Jürgen Habermas,/m/044wb,
Julia Kristeva,/m/046gs,
William of Ockham,/m/0848q,
John Wycliffe,/m/046f1,
Mikhail Bakhtin,/m/02rxg8,
Gaetano Mosca,/m/09cfqh,
Karl Popper,/m/047g6,
Martin Heidegger,/m/099bk,
Marsilio Ficino,/m/050gd,
"Nicolas de Caritat, marquis de Condorcet",/m/09dyk,
Kurt Gödel,/m/048c2,
Alfred Tarski,/m/0g9m4,
Max Weber,/m/04xm_,
Maurice Merleau-Ponty,/m/04xbh,
Mordecai Kaplan,/m/056d_,
Hazrat Babajan,/m/0cpsbj,
Meher Baba,/m/057p_,
Upasni Maharaj,/m/0cprqc,
Oswald Spengler,/m/05nj0,
Taha Hussein,/m/05n4mk,
Peter Singer,/m/05xnb,
Paul Valéry,/m/05vy1,
Pope John Paul II,/m/05yfx,
Josef Pieper,/m/0770h_,
Pherecydes of Syros,/m/03g3d3,
Thales,/m/07dl6,
Robert Anton Wilson,/m/06hgj,
Poul Martin Møller,/m/0193t0,
Robert M. Pirsig,/m/06hkh,
Friedrich Adolf Trendelenburg,/m/04q1q6,
Étienne Gilson,/m/044g6w,
Olaf Stapledon,/m/0ph77,
Umberto Eco,/m/07vw5,
Ted Nelson,/m/07rrt,
Khwaja Shamsuddin Azeemi,/m/0264nkt,
Vladimir Vernadsky,/m/07zsx,
Himerius,/m/05cdm7,
Zeno of Citium,/m/09863,
Christian Jakob Kraus,/m/0ckcm9,
Joshua Knobe,/m/043qvvf,
Crates of Thebes,/m/0krkh,
Richard Hönigswald,/m/09hz57,
Aron Gurwitsch,/m/066v4x,
John Austin,/m/03r2d0,
Joseph Raz,/m/07c37_,
Oksana Zabuzhko,/m/027s_gd,
Susan Haack,/m/01vmpn,
Richard Taylor,/m/05y7f05,
Fethullah Gülen,/m/04pl6c,
Ernest Lepore,/m/02rc14f,
Bernard Gert,/m/03t2dq,
Clitomachus,/m/06h032,
Lon L. Fuller,/m/0209h5,
Brian Barry,/m/06q4kd,
Luciano Floridi,/m/0c6g6s,
Kurt Singer,/m/0dttqg,
Diogenes Allen,/m/05x_nj4,
François Picavet,/m/0b5j3b,
Fred Feldman,/m/05x_yml,
Richard Popkin,/m/04hlxr,
Ernst Bloch,/m/02r76r,
Graham Harman,/m/08fzjv,
Ibn Yunus,/m/03xxhv,
Ch'ien Mu,/m/03nnc3d,
Chris Harman,/m/02vk95,
Héctor-Neri Castañeda,/m/0kt7yn,
Pierre Hadot,/m/05vdbw9,
Paolo Virno,/m/04jb0c0,
Norman Malcolm,/m/032wb9,
Norbert Bolz,/m/06w9xrt,
Peter Ludlow,/m/08ht64,
Jason Stanley,/m/0kt8pp,
Ramchandra Gandhi,/m/02z69ms,
Nicholas Wolterstorff,/m/0419d0,
Kendall Walton,/m/06dty2,
Todd May,/m/03d6htc,
Muhammad Iqbal,/m/01y58x,
Stephen David Ross,/m/02qcmrd,
Franz Rosenzweig,/m/01hk6q,
Alain de Benoist,/m/02_r4k,
Bernard Bosanquet,/m/05wj_3m,
Cornel West,/m/02szmg,
Ali Shariati,/m/014_yc,
Helena Blavatsky,/m/016hbf,
John Searle,/m/012ssr,
John Cage,/m/0hgqq,
John McMurtry,/m/01tnn7,
Jean Vanier,/m/02vznn,
Judea Pearl,/m/033w0f,
Langdon Winner,/m/01q5c5,
Paul Kurtz,/m/01t5wz,
Ramakrishna,/m/026m9d,
Zygmunt Bauman,/m/0313tv,
William Lane Craig,/m/01tpjh,
Christian Thomasius,/m/01926f,
Peter Lamborn Wilson,/m/0188lg,
Philippe Descola,/m/04053hc,
Claude Lefort,/m/07xsdp,
Laurence A. Rickels,/m/03hn44b,
Hermann Heller,/m/06s79c,
John Haugeland,/m/01xw_6,
Jakob Friedrich Fries,/m/018fvk,
Friedrich Eduard Beneke,/m/018ftg,
George Boolos,/m/01y0tp,
Herbert Blumer,/m/05gqhm,
Jerzy Prokopiuk,/m/0gk95f,
Costanzo Preve,/m/0dm0q8,
Eugene Kamenka,/m/08x447,
John Passmore,/m/028950f,
Edgar Morin,/m/08nqnm,
Pavel Florensky,/m/086p39,
Arda Denkel,/m/0641mj9,
Shahab al-Din Yahya ibn Habash Suhrawardi,/m/03vjcd,
Ernest Sosa,/m/0brqns,
Isaac Israeli ben Solomon,/m/046bqg,
Christian von Ehrenfels,/m/03ks6s,
Paul Virilio,/m/02xccx,
Emil du Bois-Reymond,/m/01l6f0,
William A. Earle,/m/0dqxxp,
Peter Suber,/m/01zs6q,
Ghulam Ali Dihlawi,/m/0cmc6ws,
Roy Bhaskar,/m/02zhkm,
Giovanni Botero,/m/05zf5b,
Fazal Ali Qureshi,/m/0ch34v_,
Georg Bernhard Bilfinger,/m/06_d9g,
Greg Bahnsen,/m/07js6_,
John Frame,/m/03_cdw,
Kamāl al-Dīn al-Fārisī,/m/05sfk0,
Avital Ronell,/m/05z_ym,
Richard Jeffrey,/m/0bvlrv,
Yamazaki Ansai,/m/075j34,
Qalandar Baba Auliya,/m/026_mg_,
Hastings Rashdall,/m/05xd41c,
Peter Winch,/m/05y3b2z,
Eugen Relgis,/m/0gh8wl3,
Avempace,/m/02ms38,
Ronald Dworkin,/m/01rbsv,
Jeremy Waldron,/m/05zk3z,
George Dickie,/m/06z_g7,
Robert S. Corrington,/m/02q7fh6,
Zaki al-Arsuzi,/m/056508,
Morris Raphael Cohen,/m/036b2v,
John Rawls,/m/0x3r3,
Pierre Bourdieu,/m/0rls8,
Claude Adrien Helvétius,/m/01bwl8,
Ray Brassier,/m/03hkn8t,
Giorgio Agamben,/m/01vr7x,
Clinomachus,/m/03h4nt7,
Edouard Schure,/m/05qdf5x,
Richard Tarnas,/m/0bt2p6,
Ivo Urbančič,/m/04jnb18,
Jože Pučnik,/m/02vyht2,
Henri Bourassa,/m/01kp0x,
Northrop Frye,/m/0myp_,
Anthony John Patrick Kenny,/m/01s3b_,
Barry Stroud,/m/03cx883,
Alexandre Kojève,/m/039tyk,
Alexander Bogdanov,/m/060dx2,
Alcmaeon of Croton,/m/06ppv8,
Isaiah Berlin,/m/014nx0,
G. E. M. Anscombe,/m/02tc9g,
Hans Sluga,/m/056jjf,
Harold Innis,/m/0184tt,
Colin McGinn,/m/02yrjh,
Hippasus,/m/03q0l5,
Asclepiodotus of Alexandria,/m/03d1x7k,
Damascius,/m/014_q_,
John Gray,/m/041ydw,
John McDowell,/m/01f2rc,
Jean Baudrillard,/m/01hmpq,
Gila Sher,/m/02rhl9k,
John Etchemendy,/m/0dpsxx,
Maurice Blanchot,/m/01m29m,
Lucien Goldmann,/m/063l0j,
Keith Lehrer,/m/06zkby,
Luce Irigaray,/m/02wjfw,
Marinus of Neapolis,/m/01_b_7,
Keith DeRose,/m/02qdjpg,
Roderick T. Long,/m/06rr91,
Samuel von Pufendorf,/m/01926v,
Peter Hacker,/m/0dhvs7,
Stephen Toulmin,/m/0592mp,
Victor Cousin,/m/017lcv,
Paul Tillich,/m/025hnq,
J. M. E. McTaggart,/m/03c3_v,
Philolaus,/m/01k73v,
Ghulam Bhik Nairang,/m/026q5qq,
Peter Wessel Zapffe,/m/065xs,
Kurt Grelling,/m/05bp_p,
Walter J. Ong,/m/04btzp,
Hans Reichenbach,/m/059cpt,
William L. Rowe,/m/02qpts6,
George Croom Robertson,/m/01l6cy,
Zechariah Chafee,/m/05vq17y,
Max Frisch,/m/01spn2,
Edgar Quinet,/m/01s8yk,
Michael Dummett,/m/01s3d2,
John Toland,/m/01l8wn,
Tyler Burge,/m/0b9p5k,
David Pearce,/m/01lmjr,
Nick Bostrom,/m/024r3r,
Mohsen Kadivar,/m/03fdzl,
Metrocles,/m/03pfkf,
Jābir ibn Hayyān,/m/0g_ks,
Richard Boyd,/m/0d58kr,
Socrates,/m/06mrq,
Voltaire,/m/07ym0,
Cicero,/m/01tf5,
Émile Armand,/m/05d5kj,
James Hutchison Stirling,/m/04lhff,
Odo Marquard,/m/05y431s,
Haji Dost Muhammad Qandhari,/m/09gjkl0,
Muhammad Hamidullah,/m/05yfqc7,
Arthur Prior,/m/05w44s2,
Kit Fine,/m/0b3db'Friedrich Schleiermacher',/m/018fn7,
b'Alvin Plantinga',/m/0m6yd,
b'Robin Collins',/m/0bjj5b,
b'Michael C. Rea',/m/0ds54f6,
b'Bas van Fraassen',/m/04ztyb,
b'Al-Mawardi',/m/04h_6r,
b'Jean Wahl',/m/04cqs6,
b'Alan Watts',/m/01crts,
b'Aurel Kolnai',/m/03c3_3x,
b'Phillip Blond',/m/04n439v,
b'Slavoj \xc5\xbdi\xc5\xbeek',/m/0169ff,
b'Alain Badiou',/m/0351yk,
b'Peter Sloterdijk',/m/03tqkv,
b'Georges Canguilhem',/m/039hch,
b'Peter Rollins',/m/0d3rkt,
b'Jacob Taubes',/m/087jng,
"b""Yahya ibn Ma'in""",/m/0h454m,
b'Gilles Deleuze',/m/0399p,
b'Manuel De Landa',/m/021ql3,
b'Michael J. Shapiro',/m/0b1zk3,
b'William E. Connolly',/m/06p686,
b'Jean Cavaill\xc3\xa8s',/m/0f2w0r,
b'Carl Schmitt',/m/024kq1,
b'\xc3\x89mile Chartier',/m/039lqm,
b'Jacques Ranci\xc3\xa8re',/m/01tqpm,
b'Gillian Rose',/m/081g2h,
b'Jacques Lacan',/m/043tg,
b'Ivan Illich',/m/01jbdk,
b'Rajneesh',/m/019fxc,
b'Gaston Bachelard',/m/02nxw4,
b'Antonio Negri',/m/01m2jf,
b'Arne N\xc3\xa6ss',/m/039v0w,
b'Antoine Arnauld',/m/01h7yq,
b'\xc3\x89tienne Bonnot de Condillac',/m/017gzg,
b'A. C. Grayling',/m/06g4pw,
b'Allan Bloom',/m/0l08hsc0,
b'Alan Carter',/m/02w9k2f,
b'Mykhailo Drahomanov',/m/08ltzx,
b'David Kelley',/m/03xbp1,
b'Nicos Poulantzas',/m/059p_z,
b'Norman Geisler',/m/05xgmdj,
b'Herbert McCabe',/m/06vcfr,
b'Brian Davies',/m/0gkgg6,
b'Arthur Drews',/m/0dtt8_,
b'Aristippus the Younger',/m/03cnldp,
b'Richard Swinburne',/m/01m3q2,
b'Antony Flew',/m/04tq_d,
b'Jakob Schegk',/m/0dgq85p,
b'Nicolaus Taurellus',/m/05qtch,
b'Milan Komar',/m/03hk0hn,
b'Homi K. Bhabha',/m/025trc3,
b'Herbert Feigl',/m/05s0ft,
b'John Zerzan',/m/0px7f,
b'Paul Churchland',/m/0dgfzq,
b'Renata Salecl',/m/0czcgtv,
b'Kevin Mulligan',/m/02rs3pv,
b'Jos\xc3\xa9 Guilherme Merquior',/m/07ngkz,
b'Burhan al-Din al-Marghinani',/m/026xjlz,
b'Axel Honneth',/m/073x7n,
b'Ioan P. Culianu',/m/0598qd,
b'Mark Lance',/m/0c7xlk,
b'Ernest Gellner',/m/01gbkp,
b'Louis Claude de Saint-Martin',/m/07cg0b,
"b""Al-Hasan ibn 'Ali al-Barbahari""",/m/02w1sp6,
b'Ibn Battah',/m/0264wfk,
b'Arthur Fine',/m/026fjwt,
b'Nancy Cartwright',/m/05mpds,
b'P. F. Strawson',/m/01k94t,
b'Ted Honderich',/m/03p67y,
b'Kitaro Nishida',/m/04011l,
b'Keiji Nishitani',/m/05y6wz2,
b'Ion Dragoumis',/m/0fvmff,
b'A. D. Gordon',/m/05rt6f,
b'Renzo Novatore',/m/08pjyw,
b'Abdulhakim Arvasi',/m/0cwmr5,
b'Necip Faz\xc4\xb1l K\xc4\xb1sak\xc3\xbcrek',/m/07nh_8,
b'Norberto Bobbio',/m/04_0vt,
b'Peter Railton',/m/0d6wzk,
b'Nihal Ats\xc4\xb1z',/m/07lcb0,
b'Tetsuro Watsuji',/m/054hnt,
b'Karel Kos\xc3\xadk',/m/027sywj,
b'Michel Foucault',/m/0ct9_,
b'Montesquieu',/m/0f9wd,
b'Jacques Derrida',/m/0dzkq,
b'Iris Murdoch',/m/0gdgq,
b'Archytas',/m/01k8rs,
b'Eudoxus of Cnidus',/m/0cytr,
b'Muhammad Tahir',/m/05q40rl,
b'Andy Clark',/m/032sry,
b'Cleanthes',/m/016_tb,
b'Chrysippus',/m/0986m,
b'Lacydes of Cyrene',/m/02ss_v,
b'Al-Mutanabbi',/m/03pqg1,
b'Ali ibn al-Madini',/m/0fdv84,
b'Emil Lask',/m/05p584l,
b'Alan Soble',/m/08640j,
b'Leucippus',/m/04k42,
b'Al-Khazini',/m/02rpzkf,
b'Knud Ejler L\xc3\xb8gstrup',/m/02nkhj,
b'Bruce Lee',/m/099d4,
b'William Alston',/m/081l4,
b'Robert Paul Wolff',/m/032yvb,
b'Robert C. Solomon',/m/03w26z,
b'Louis Michael Seidman',/m/0ds4g6n,
b'Peter G. Ossorio',/m/0c41jl_,
b'Edith Stein',/m/0bxhd,
b'Douglas Hofstadter',/m/02fcx,
b'Empedocles',/m/02lvm,
b'Ernest Nagel',/m/04j3_z,
b'Friedrich Hayek',/m/032r1,
b'Fyodor Dostoyevsky',/m/032l1,
b'Francis Fukuyama',/m/02_jg,
b'Theognostus of Alexandria',/m/043sk2n,
b'Gregory of Nyssa',/m/09g_z,
b'Hildegard of Bingen',/m/03kf2,
b'Ramon Llull',/m/0j3_p,
b'Raymond Aron',/m/01tw09,
b'J\xc3\xbcrgen Habermas',/m/044wb,
b'Julia Kristeva',/m/046gs,
b'William of Ockham',/m/0848q,
b'John Wycliffe',/m/046f1,
b'Mikhail Bakhtin',/m/02rxg8,
b'Gaetano Mosca',/m/09cfqh,
b'Karl Popper',/m/047g6,
b'Martin Heidegger',/m/099bk,
b'Marsilio Ficino',/m/050gd,
"b'Nicolas de Caritat, marquis de Condorcet'",/m/09dyk,
b'Kurt G\xc3\xb6del',/m/048c2,
b'Alfred Tarski',/m/0g9m4,
b'Max Weber',/m/04xm_,
b'Maurice Merleau-Ponty',/m/04xbh,
b'Mordecai Kaplan',/m/056d_,
b'Hazrat Babajan',/m/0cpsbj,
b'Meher Baba',/m/057p_,
b'Upasni Maharaj',/m/0cprqc,
b'Oswald Spengler',/m/05nj0,
b'Taha Hussein',/m/05n4mk,
b'Peter Singer',/m/05xnb,
b'Paul Val\xc3\xa9ry',/m/05vy1,
b'Pope John Paul II',/m/05yfx,
b'Josef Pieper',/m/0770h_,
b'Pherecydes of Syros',/m/03g3d3,
b'Thales',/m/07dl6,
b'Robert Anton Wilson',/m/06hgj,
b'Poul Martin M\xc3\xb8ller',/m/0193t0,
b'Robert M. Pirsig',/m/06hkh,
b'Friedrich Adolf Trendelenburg',/m/04q1q6,
b'\xc3\x89tienne Gilson',/m/044g6w,
b'Olaf Stapledon',/m/0ph77,
b'Umberto Eco',/m/07vw5,
b'Ted Nelson',/m/07rrt,
b'Khwaja Shamsuddin Azeemi',/m/0264nkt,
b'Vladimir Vernadsky',/m/07zsx,
b'Himerius',/m/05cdm7,
b'Zeno of Citium',/m/09863,
b'Christian Jakob Kraus',/m/0ckcm9,
b'Joshua Knobe',/m/043qvvf,
b'Crates of Thebes',/m/0krkh,
b'Richard H\xc3\xb6nigswald',/m/09hz57,
b'Aron Gurwitsch',/m/066v4x,
b'John Austin',/m/03r2d0,
b'Joseph Raz',/m/07c37_,
b'Oksana Zabuzhko',/m/027s_gd,
b'Susan Haack',/m/01vmpn,
b'Richard Taylor',/m/05y7f05,
b'Fethullah G\xc3\xbclen',/m/04pl6c,
b'Ernest Lepore',/m/02rc14f,
b'Bernard Gert',/m/03t2dq,
b'Clitomachus',/m/06h032,
b'Lon L. Fuller',/m/0209h5,
b'Brian Barry',/m/06q4kd,
b'Luciano Floridi',/m/0c6g6s,
b'Kurt Singer',/m/0dttqg,
b'Diogenes Allen',/m/05x_nj4,
b'Fran\xc3\xa7ois Picavet',/m/0b5j3b,
b'Fred Feldman',/m/05x_yml,
b'Richard Popkin',/m/04hlxr,
b'Ernst Bloch',/m/02r76r,
b'Graham Harman',/m/08fzjv,
b'Ibn Yunus',/m/03xxhv,
"b""Ch'ien Mu""",/m/03nnc3d,
b'Chris Harman',/m/02vk95,
b'H\xc3\xa9ctor-Neri Casta\xc3\xb1eda',/m/0kt7yn,
b'Pierre Hadot',/m/05vdbw9,
b'Paolo Virno',/m/04jb0c0,
b'Norman Malcolm',/m/032wb9,
b'Norbert Bolz',/m/06w9xrt,
b'Peter Ludlow',/m/08ht64,
b'Jason Stanley',/m/0kt8pp,
b'Ramchandra Gandhi',/m/02z69ms,
b'Nicholas Wolterstorff',/m/0419d0,
b'Kendall Walton',/m/06dty2,
b'Todd May',/m/03d6htc,
b'Muhammad Iqbal',/m/01y58x,
b'Stephen David Ross',/m/02qcmrd,
b'Franz Rosenzweig',/m/01hk6q,
b'Alain de Benoist',/m/02_r4k,
b'Bernard Bosanquet',/m/05wj_3m,
b'Cornel West',/m/02szmg,
b'Ali Shariati',/m/014_yc,
b'Helena Blavatsky',/m/016hbf,
b'John Searle',/m/012ssr,
b'John Cage',/m/0hgqq,
b'John McMurtry',/m/01tnn7,
b'Jean Vanier',/m/02vznn,
b'Judea Pearl',/m/033w0f,
b'Langdon Winner',/m/01q5c5,
b'Paul Kurtz',/m/01t5wz,
b'Ramakrishna',/m/026m9d,
b'Zygmunt Bauman',/m/0313tv,
b'William Lane Craig',/m/01tpjh,
b'Christian Thomasius',/m/01926f,
b'Peter Lamborn Wilson',/m/0188lg,
b'Philippe Descola',/m/04053hc,
b'Claude Lefort',/m/07xsdp,
b'Laurence A. Rickels',/m/03hn44b,
b'Hermann Heller',/m/06s79c,
b'John Haugeland',/m/01xw_6,
b'Jakob Friedrich Fries',/m/018fvk,
b'Friedrich Eduard Beneke',/m/018ftg,
b'George Boolos',/m/01y0tp,
b'Herbert Blumer',/m/05gqhm,
b'Jerzy Prokopiuk',/m/0gk95f,
b'Costanzo Preve',/m/0dm0q8,
b'Eugene Kamenka',/m/08x447,
b'John Passmore',/m/028950f,
b'Edgar Morin',/m/08nqnm,
b'Pavel Florensky',/m/086p39,
b'Arda Denkel',/m/0641mj9,
b'Shahab al-Din Yahya ibn Habash Suhrawardi',/m/03vjcd,
b'Ernest Sosa',/m/0brqns,
b'Isaac Israeli ben Solomon',/m/046bqg,
b'Christian von Ehrenfels',/m/03ks6s,
b'Paul Virilio',/m/02xccx,
b'Emil du Bois-Reymond',/m/01l6f0,
b'William A. Earle',/m/0dqxxp,
b'Peter Suber',/m/01zs6q,
b'Ghulam Ali Dihlawi',/m/0cmc6ws,
b'Roy Bhaskar',/m/02zhkm,
b'Giovanni Botero',/m/05zf5b,
b'Fazal Ali Qureshi',/m/0ch34v_,
b'Georg Bernhard Bilfinger',/m/06_d9g,
b'Greg Bahnsen',/m/07js6_,
b'John Frame',/m/03_cdw,
b'Kam\xc4\x81l al-D\xc4\xabn al-F\xc4\x81ris\xc4\xab',/m/05sfk0,
b'Avital Ronell',/m/05z_ym,
b'Richard Jeffrey',/m/0bvlrv,
b'Yamazaki Ansai',/m/075j34,
b'Qalandar Baba Auliya',/m/026_mg_,
b'Hastings Rashdall',/m/05xd41c,
b'Peter Winch',/m/05y3b2z,
b'Eugen Relgis',/m/0gh8wl3,
b'Avempace',/m/02ms38,
b'Ronald Dworkin',/m/01rbsv,
b'Jeremy Waldron',/m/05zk3z,
b'George Dickie',/m/06z_g7,
b'Robert S. Corrington',/m/02q7fh6,
b'Zaki al-Arsuzi',/m/056508,
b'Morris Raphael Cohen',/m/036b2v,
b'John Rawls',/m/0x3r3,
k,
Nick Land,/m/05zj9rr,
Hisham ibn Urwah,/m/08mq84,
Anthony Collins,/m/019vb0,
Ronald H. Nash,/m/0_yk05s,
George Hourani,/m/05wd3lc,
Javed Ahmad Ghamidi,/m/098f5y,
Paul Watzlawick,/m/03_7q3,
John E. Hare,/m/05y4x3y,
Hassan al-Banna,/m/025rvz6,
Maria Montessori,/m/0gp7h9,
Spencer Heath,/m/0b8rbc,
Cora Diamond,/m/08w5gg,
Cesare Cremonini,/m/0285zb1,
Stephen Mulhall,/m/02wx56q,
Matt Cohen,/m/05knrh,
Gershom Scholem,/m/04lqww,
Alexander of Aphrodisias,/m/0rc_,
Albertus Magnus,/m/0r24,
Homer,/m/03k0n,
Herman Dooyeweerd,/m/01c4z1,
Jun Tsuji,/m/0126cl,
Lewis Call,/m/03mb_f9,
Richard David Precht,/m/05szj4q,
Bonaventure,/m/0nlm4,
Jonathan Edwards,/m/0dpv5,
Simplicius of Cilicia,/m/0ktfp,
Paul Guyer,/m/05xvg_x,
Muhammad Mustafa Jauhar,/m/065yt05,
E. H. Carr,/m/032hxd,
William Kingdon Clifford,/m/01l6p5,
Fernando Savater,/m/04sh3l,
Erin Manning,/m/0g595wd,
Archimedes,/m/0tnc,
David the Invincible,/m/09h2_9,
Barry Smith,/m/085m0s,
Joseph Owens,/m/05w61m3,
Leonardo Polo,/m/09nz9w,
Mortimer J. Adler,/m/04xm3,
İoanna Kuçuradi,/m/04zxwjf,
Roberto Torretti,/m/05mxmd_,
Justin Oakley,/m/02z4y2f,
Nel Noddings,/m/0h7d52,
Peter Kreeft,/m/05j9pp,
Dimitris Liantinis,/m/04jl6x1,
Hector Zagal,/m/03cdnjv,
Boris Groys,/m/0584959,
Nicole Oresme,/m/02tfcy,
Agustín García Calvo,/m/033610,
Clément Rosset,/m/027jnch,
Bryan Magee,/m/05wb1x2,
John Hick,/m/0530xz,
Tibor R. Machan,/m/05zwfc,
Leonard Read,/m/03rmkl,
Liu Junning,/m/0bbzjt6,
Julius Thomas Fraser,/m/05vy815,
Errol Harris,/m/02q_ls7,
Stephen Mumford,/m/02q_n2w,
Walter Terence Stace,/m/026jz1p,
Michael Tye,/m/02vpy2g,
François Noudelmann,/m/0g544j3,
Kiarina Kordela,/m/0c3tdp1,
Douglas Groothuis,/m/0gktc7,
David Blitz,/m/09cby_,
Carl von Clausewitz,/m/01tlc,
Neven Sesardić,/m/0g_yqp,
Patricia Churchland,/m/026zkz,
Charles Stevenson,/m/02zbnb,
Theodore Drange,/m/02qhmv1,
Annette Baier,/m/06f7tm,
Emanuel Swedenborg,/m/01gnng,
Eino Kaila,/m/04q6dy,
Ernest Renan,/m/01b728,
Villy Sørensen,/m/0kt77f,
Sarah Kofman,/m/05ycp70,
Simon Glendinning,/m/0bx_jtr,
Raymond Geuss,/m/037y6m,
Raya Dunayevskaya,/m/03t30h,
Susan Buck-Morss,/m/0fqq7rt,
Lorenzo Peña,/m/05zmz4t,
Albert Hofstadter,/m/0by0jgt,
Joseph Margolis,/m/02pwhtk,
Kwame Anthony Appiah,/m/0457hc,
George Henry Lewes,/m/01fbnv,
Friedrich Wilhelm Foerster,/m/0jt3gbw,
Thomas Pogge,/m/04f48r,
Rudolf Eisler,/m/0km47s6,
John Theophilus Desaguliers,/m/0561kv,
Jiddu Krishnamurti,/m/018fkc,
Martial Gueroult,/m/02z7_94,
John Armstrong,/m/05xwg99,
Craig Bartholomew,/m/09gh31z,
Richard Aaron,/m/0f95jx,
José de Espronceda,/m/033nbj,
Alexander Tarasov,/m/04d_r8_,
Benny Lévy,/m/08hm54,
Ivan Sviták,/m/05z_cs5,
Debiprasad Chattopadhyaya,/m/05y4rj5,
Adam Schaff,/m/05x569s,
Ludvig Holberg,/m/01375h,
Pascal Engel,/m/02rs270,
Rose Rand,/m/02rl77l,
Ian Hacking,/m/01vrsw,
Giovanni Piana,/m/0ktdmp,
C. J. F. Williams,/m/0gkywxy,
Sissela Bok,/m/026cvrn,
Jorge Ángel Livraga Rizzi,/m/070f7q,
John Daniel Wild,/m/02x1yvj,
Albert Rivaud,/m/02z89x_,
Jean-Luc Marion,/m/099ldv,
Bernard Le Bovier de Fontenelle,/m/015_bs,
Bracha L. Ettinger,/m/03c_bkb,
Sun Tzu,/m/0dnb6,
Theodor Lipps,/m/08kwss,
John Haldane,/m/05vchph,
Walker Percy,/m/0fsqq,
James Francis Ross,/m/0cmc3jn,
Jan Narveson,/m/013xnw,
James M. Edie,/m/02ww0dj,
Zenon Pylyshyn,/m/0kt182,
Peter Carruthers,/m/03qjdbp,
Abu'l-Fida,/m/064l_vn,
Abu al-Hasan al-Ash'ari,/m/0629m9,
Ahmad ibn Muhammad Al-Tahawi,/m/0h18mm,
Ali al-Qari,/m/0ktdhh,
Abu Yusuf,/m/0d3064,
Han Yu,/m/026cz1,
Henrik Steffens,/m/025dsl,
Max Müller,/m/02qrf2x,
Jean Hyppolite,/m/03dnnj,
Ferdinand Alquié,/m/092fzy,
Gary Chartier,/m/07kd_41,
Arthur Koestler,/m/0j2v,
René Girard,/m/04vf6k,
Cornelius Jansen,/m/01bbgf,
Agrippa the Skeptic,/m/06pp44,
Erhard Weigel,/m/0c8w9g,
Gaius Musonius Rufus,/m/015hnk,
Henri-Frédéric Amiel,/m/037n6y,
Apollodorus the Epicurean,/m/03cndqv,
Eoin Ó Broin,/m/02r7yrq,
Hermann Samuel Reimarus,/m/0187yz,
Jan Standonck,/m/0fm71g,
Johann Georg Heinrich Feder,/m/02ww0gl,
D. T. Suzuki,/m/036fy1,
Gary Habermas,/m/0767lx,
Frederick James Eugene Woodbridge,/m/08nx7t,
Anselm of Canterbury,/m/0xlc,
Rosa Luxemburg,/m/017ft0,
James Bugental,/m/027f4w0,
Antipater of Tarsus,/m/02pmd4w,
Evert Willem Beth,/m/06s3mm,
Hans Kamp,/m/0416x7z,
Adam of Dryburgh,/m/0285xj_,
Tommaso Palamidessi,/m/02r6dnb,
Thomas Brown,/m/01h8p3,
Paul Grice,/m/01xf_n,
Cas Wouters,/m/0c40gq_,
Marilyn Frye,/m/0b3qlb,
Nahmanides,/m/014bzk,
Mario Javier Saban,/m/05mxfcg,
Jaime Balmes,/m/012_zp,
Julius Caesar Scaliger,/m/0161ks,
Syed Faiz-ul Hassan Shah,/m/03cz4qf,
Casimir Lewy,/m/0287flv,
Hermann Blumenau,/m/05kj7p,
Gotthard Günther,/m/02qnt8,
Konstantin Leontiev,/m/07gg_5,
T. M. Scanlon,/m/0b8m23,
Aleksei Losev,/m/081pm9,
Gustav Teichmüller,/m/0f533l,
Mary Ainsworth,/m/0bd_k4,
Isaac Levi,/m/027sv04,
Eduardo Nicol,/m/0d_w6m,
Gu Zhun,/m/09rbyw,
Daniel Raymond,/m/051vhm,
Al-Raghib al-Isfahani,/m/026nxlm,
Constantin Noica,/m/05l737,
Gilles Lipovetsky,/m/02vvxxm,
Malek Bennabi,/m/0dq7ys,
Jawdat Said,/m/026gwhx,
Harold Joachim,/m/07_6j4,
Ludwig Klages,/m/08ctmb,
Étienne Balibar,/m/034w02,
Jakob Thomasius,/m/0286pw3,
G. M. Syed,/m/0f7xfz,
U. G. Krishnamurti,/m/02dc11,
Adi Shankara,/m/019fqd,
Humberto Maturana,/m/02gscz,
William Leiss,/m/0b564w,
Charles Parsons,/m/05zlz4,
Antoine Destutt de Tracy,/m/01bzb8,
Günther Anders,/m/0gvlhj,
Henri Wallon,/m/026yrww,
Tan Sitong,/m/06m89w,
Richard Montague,/m/02w79t,
Wolfgang Stegmüller,/m/026j0fd,
Kurt Rudolf Fischer,/m/02pp5w7,
Volker Zotz,/m/026tx97,
Mir Tanha Yousafi,/m/03c3_1h,
David Kaplan,/m/054r6m,
Nathan Salmon,/m/06l0tb,
Trevor Pinch,/m/0c6g9m,
Charles Péguy,/m/01rsf2,
Abraham Kuyper,/m/01sjxm,
Thomas Metzinger,/m/01tyy2,
Richard J. Mouw,/m/05wxjr7,
Prabhat Ranjan Sarkar,/m/03h52n,
Camil Petrescu,/m/03rykf,
Quentin Smith,/m/094gbx,
Demonax,/m/087sc2,
Maurice Pradines,/m/02ryk58,
Nae Ionescu,/m/0b1jw5,
Surendranath Dasgupta,/m/0b7s7z,
Nikolay Chernyshevsky,/m/01rd0v,
Hanns Heinz Ewers,/m/03x8tq,
Rogers Albritton,/m/03ck587,
Tahir Allauddin Al-Qadri Al-Gillani,/m/03hhjy9,
Petre Țuțea,/m/03gzvr4,
Vilém Flusser,/m/05shc8,
Ian Rumfitt,/m/0bmf7k_,
Rosi Braidotti,/m/02698ng,
Richard J. F. Day,/m/0cc5c5,
Jonathan Bennett,/m/06n_f7,
Robert J. C. Young,/m/08ppw3,
David Gauthier,/m/0cwph,
David Wood,/m/026j94s,
Gregg Lambert,/m/05x2ln1,
Yang Zhu,/m/0362_p,
Józef Maria Bocheński,/m/03_q1_,
Karl Löwith,/m/035jms,
Eliyahu Eliezer Dessler,/m/0323mq,
Herbert Spiegelberg,/m/02phvt0,
Bar Hebraeus,/m/01_j2k,
Francis of Assisi,/m/032p8,
Dimitris Dimitrakos,/m/02vq0t2,
Galen,/m/037h0,
Georg Cantor,/m/036ks,
Gautama Buddha,/m/015k7,
Paul R. Patton,/m/03cp0lb,
Giuseppe Mazzini,/m/096zc,
Heinrich Hertz,/m/03hht,
Giles Hooper,/m/0bh7jm2,
John of the Cross,/m/0c4j4,
Joseph Priestley,/m/0b0bx,
Tony Fry,/m/0gg8bx1,
Stuart Hampshire,/m/036cfm,
Michael Polanyi,/m/04znx,
Nagarjuna,/m/05k88,
James D. McCawley,/m/04ylyk,
Mylan Engel,/m/0264z2k,
James Rachels,/m/09g15n,
Ptolemy,/m/05_0t,
Ralph Cudworth,/m/06jd6,
Alastair Hannay,/m/075vxh,
Philip Lindholm,/m/0gwl41,
Mostafa Malekian,/m/07r1_t,
William A. Dembski,/m/0btty,
Robert J. Marks II,/m/03cgzd3,
Michael Devitt,/m/0kt4z3,
William Crathorn,/m/0462ttb,
Yisroel Salanter,/m/02nktb,
Diogenes of Babylon,/m/07v8fr,
Najmuddin Kubra,/m/073fgx,
Najm al-Din Razi,/m/073fs0,
Hugh of Saint-Cher,/m/05ccwq,
Yusuf Islahi,/m/051xc05,
Jacob Needleman,/m/02qhwqh,
Jalaluddin Umri,/m/02x02c4,
Mary Midgley,/m/03h9k5,
Sarfraz Ahmed Naeemi,/m/06614h2,
Abdul Haq Ansari,/m/0535tfw,
Sadat Husaini,/m/05f60dn,
Fazlur Rahman Faridi,/m/080h3c7,
Abul Hasan Ali Hasani Nadwi,/m/026f_my,
Jean-Marie Guyau,/m/06zcxr,
Rush Rhees,/m/0d9c10,
György Márkus,/m/092hvd,
Pietro Pomponazzi,/m/079jld,
Frank Cameron Jackson,/m/06gk0h,
Donald T. Campbell,/m/08h3fs,
Jean-Pierre Faye,/m/026xqt1,
Ladislav Klíma,/m/07tm9j,
Brian Skyrms,/m/05wcpgr,
Frank Sibley,/m/03mdl47,
Joseph Gabel,/m/05xg97y,
Athīr al-Dīn al-Abharī,/m/05sd3y,
Arthur F. Holmes,/m/0c5r5_,
Tran Duc Thao,/b'Pierre Bourdieu',/m/0rls8,
b'Claude Adrien Helv\xc3\xa9tius',/m/01bwl8,
b'Ray Brassier',/m/03hkn8t,
b'Giorgio Agamben',/m/01vr7x,
b'Clinomachus',/m/03h4nt7,
b'Edouard Schure',/m/05qdf5x,
b'Richard Tarnas',/m/0bt2p6,
b'Ivo Urban\xc4\x8di\xc4\x8d',/m/04jnb18,
b'Jo\xc5\xbee Pu\xc4\x8dnik',/m/02vyht2,
b'Henri Bourassa',/m/01kp0x,
b'Northrop Frye',/m/0myp_,
b'Anthony John Patrick Kenny',/m/01s3b_,
b'Barry Stroud',/m/03cx883,
b'Alexandre Koj\xc3\xa8ve',/m/039tyk,
b'Alexander Bogdanov',/m/060dx2,
b'Alcmaeon of Croton',/m/06ppv8,
b'Isaiah Berlin',/m/014nx0,
b'G. E. M. Anscombe',/m/02tc9g,
b'Hans Sluga',/m/056jjf,
b'Harold Innis',/m/0184tt,
b'Colin McGinn',/m/02yrjh,
b'Hippasus',/m/03q0l5,
b'Asclepiodotus of Alexandria',/m/03d1x7k,
b'Damascius',/m/014_q_,
b'John Gray',/m/041ydw,
b'John McDowell',/m/01f2rc,
b'Jean Baudrillard',/m/01hmpq,
b'Gila Sher',/m/02rhl9k,
b'John Etchemendy',/m/0dpsxx,
b'Maurice Blanchot',/m/01m29m,
b'Lucien Goldmann',/m/063l0j,
b'Keith Lehrer',/m/06zkby,
b'Luce Irigaray',/m/02wjfw,
b'Marinus of Neapolis',/m/01_b_7,
b'Keith DeRose',/m/02qdjpg,
b'Roderick T. Long',/m/06rr91,
b'Samuel von Pufendorf',/m/01926v,
b'Peter Hacker',/m/0dhvs7,
b'Stephen Toulmin',/m/0592mp,
b'Victor Cousin',/m/017lcv,
b'Paul Tillich',/m/025hnq,
b'J. M. E. McTaggart',/m/03c3_v,
b'Philolaus',/m/01k73v,
b'Ghulam Bhik Nairang',/m/026q5qq,
b'Peter Wessel Zapffe',/m/065xs,
b'Kurt Grelling',/m/05bp_p,
b'Walter J. Ong',/m/04btzp,
b'Hans Reichenbach',/m/059cpt,
b'William L. Rowe',/m/02qpts6,
b'George Croom Robertson',/m/01l6cy,
b'Zechariah Chafee',/m/05vq17y,
b'Max Frisch',/m/01spn2,
b'Edgar Quinet',/m/01s8yk,
b'Michael Dummett',/m/01s3d2,
b'John Toland',/m/01l8wn,
b'Tyler Burge',/m/0b9p5k,
b'David Pearce',/m/01lmjr,
b'Nick Bostrom',/m/024r3r,
b'Mohsen Kadivar',/m/03fdzl,
b'Metrocles',/m/03pfkf,
b'J\xc4\x81bir ibn Hayy\xc4\x81n',/m/0g_ks,
b'Richard Boyd',/m/0d58kr,
b'Socrates',/m/06mrq,
b'Voltaire',/m/07ym0,
b'Cicero',/m/01tf5,
b'\xc3\x89mile Armand',/m/05d5kj,
b'James Hutchison Stirling',/m/04lhff,
b'Odo Marquard',/m/05y431s,
b'Haji Dost Muhammad Qandhari',/m/09gjkl0,
b'Muhammad Hamidullah',/m/05yfqc7,
b'Arthur Prior',/m/05w44s2,
b'Kit Fine',/m/0b3dk,
b'Nick Land',/m/05zj9rr,
b'Hisham ibn Urwah',/m/08mq84,
b'Anthony Collins',/m/019vb0,
b'Ronald H. Nash',/m/0_yk05s,
b'George Hourani',/m/05wd3lc,
b'Javed Ahmad Ghamidi',/m/098f5y,
b'Paul Watzlawick',/m/03_7q3,
b'John E. Hare',/m/05y4x3y,
b'Hassan al-Banna',/m/025rvz6,
b'Maria Montessori',/m/0gp7h9,
b'Spencer Heath',/m/0b8rbc,
b'Cora Diamond',/m/08w5gg,
b'Cesare Cremonini',/m/0285zb1,
b'Stephen Mulhall',/m/02wx56q,
b'Matt Cohen',/m/05knrh,
b'Gershom Scholem',/m/04lqww,
b'Alexander of Aphrodisias',/m/0rc_,
b'Albertus Magnus',/m/0r24,
b'Homer',/m/03k0n,
b'Herman Dooyeweerd',/m/01c4z1,
b'Jun Tsuji',/m/0126cl,
b'Lewis Call',/m/03mb_f9,
b'Richard David Precht',/m/05szj4q,
b'Bonaventure',/m/0nlm4,
b'Jonathan Edwards',/m/0dpv5,
b'Simplicius of Cilicia',/m/0ktfp,
b'Paul Guyer',/m/05xvg_x,
b'Muhammad Mustafa Jauhar',/m/065yt05,
b'E. H. Carr',/m/032hxd,
b'William Kingdon Clifford',/m/01l6p5,
b'Fernando Savater',/m/04sh3l,
b'Erin Manning',/m/0g595wd,
b'Archimedes',/m/0tnc,
b'David the Invincible',/m/09h2_9,
b'Barry Smith',/m/085m0s,
b'Joseph Owens',/m/05w61m3,
b'Leonardo Polo',/m/09nz9w,
b'Mortimer J. Adler',/m/04xm3,
b'\xc4\xb0oanna Ku\xc3\xa7uradi',/m/04zxwjf,
b'Roberto Torretti',/m/05mxmd_,
b'Justin Oakley',/m/02z4y2f,
b'Nel Noddings',/m/0h7d52,
b'Peter Kreeft',/m/05j9pp,
b'Dimitris Liantinis',/m/04jl6x1,
b'Hector Zagal',/m/03cdnjv,
b'Boris Groys',/m/0584959,
b'Nicole Oresme',/m/02tfcy,
b'Agust\xc3\xadn Garc\xc3\xada Calvo',/m/033610,
b'Cl\xc3\xa9ment Rosset',/m/027jnch,
b'Bryan Magee',/m/05wb1x2,
b'John Hick',/m/0530xz,
b'Tibor R. Machan',/m/05zwfc,
b'Leonard Read',/m/03rmkl,
b'Liu Junning',/m/0bbzjt6,
b'Julius Thomas Fraser',/m/05vy815,
b'Errol Harris',/m/02q_ls7,
b'Stephen Mumford',/m/02q_n2w,
b'Walter Terence Stace',/m/026jz1p,
b'Michael Tye',/m/02vpy2g,
b'Fran\xc3\xa7ois Noudelmann',/m/0g544j3,
b'Kiarina Kordela',/m/0c3tdp1,
b'Douglas Groothuis',/m/0gktc7,
b'David Blitz',/m/09cby_,
b'Carl von Clausewitz',/m/01tlc,
b'Neven Sesardi\xc4\x87',/m/0g_yqp,
b'Patricia Churchland',/m/026zkz,
b'Charles Stevenson',/m/02zbnb,
b'Theodore Drange',/m/02qhmv1,
b'Annette Baier',/m/06f7tm,
b'Emanuel Swedenborg',/m/01gnng,
b'Eino Kaila',/m/04q6dy,
b'Ernest Renan',/m/01b728,
b'Villy S\xc3\xb8rensen',/m/0kt77f,
b'Sarah Kofman',/m/05ycp70,
b'Simon Glendinning',/m/0bx_jtr,
b'Raymond Geuss',/m/037y6m,
b'Raya Dunayevskaya',/m/03t30h,
b'Susan Buck-Morss',/m/0fqq7rt,
b'Lorenzo Pe\xc3\xb1a',/m/05zmz4t,
b'Albert Hofstadter',/m/0by0jgt,
b'Joseph Margolis',/m/02pwhtk,
b'Kwame Anthony Appiah',/m/0457hc,
b'George Henry Lewes',/m/01fbnv,
b'Friedrich Wilhelm Foerster',/m/0jt3gbw,
b'Thomas Pogge',/m/04f48r,
b'Rudolf Eisler',/m/0km47s6,
b'John Theophilus Desaguliers',/m/0561kv,
b'Jiddu Krishnamurti',/m/018fkc,
b'Martial Gueroult',/m/02z7_94,
b'John Armstrong',/m/05xwg99,
b'Craig Bartholomew',/m/09gh31z,
b'Richard Aaron',/m/0f95jx,
b'Jos\xc3\xa9 de Espronceda',/m/033nbj,
b'Alexander Tarasov',/m/04d_r8_,
b'Benny L\xc3\xa9vy',/m/08hm54,
b'Ivan Svit\xc3\xa1k',/m/05z_cs5,
b'Debiprasad Chattopadhyaya',/m/05y4rj5,
b'Adam Schaff',/m/05x569s,
b'Ludvig Holberg',/m/01375h,
b'Pascal Engel',/m/02rs270,
b'Rose Rand',/m/02rl77l,
b'Ian Hacking',/m/01vrsw,
b'Giovanni Piana',/m/0ktdmp,
b'C. J. F. Williams',/m/0gkywxy,
b'Sissela Bok',/m/026cvrn,
b'Jorge \xc3\x81ngel Livraga Rizzi',/m/070f7q,
b'John Daniel Wild',/m/02x1yvj,
b'Albert Rivaud',/m/02z89x_,
b'Jean-Luc Marion',/m/099ldv,
b'Bernard Le Bovier de Fontenelle',/m/015_bs,
b'Bracha L. Ettinger',/m/03c_bkb,
b'Sun Tzu',/m/0dnb6,
b'Theodor Lipps',/m/08kwss,
b'John Haldane',/m/05vchph,
b'Walker Percy',/m/0fsqq,
b'James Francis Ross',/m/0cmc3jn,
b'Jan Narveson',/m/013xnw,
b'James M. Edie',/m/02ww0dj,
b'Zenon Pylyshyn',/m/0kt182,
b'Peter Carruthers',/m/03qjdbp,
"b""Abu'l-Fida""",/m/064l_vn,
"b""Abu al-Hasan al-Ash'ari""",/m/0629m9,
b'Ahmad ibn Muhammad Al-Tahawi',/m/0h18mm,
b'Ali al-Qari',/m/0ktdhh,
b'Abu Yusuf',/m/0d3064,
b'Han Yu',/m/026cz1,
b'Henrik Steffens',/m/025dsl,
b'Max M\xc3\xbcller',/m/02qrf2x,
b'Jean Hyppolite',/m/03dnnj,
b'Ferdinand Alqui\xc3\xa9',/m/092fzy,
b'Gary Chartier',/m/07kd_41,
b'Arthur Koestler',/m/0j2v,
b'Ren\xc3\xa9 Girard',/m/04vf6k,
b'Cornelius Jansen',/m/01bbgf,
b'Agrippa the Skeptic',/m/06pp44,
b'Erhard Weigel',/m/0c8w9g,
b'Gaius Musonius Rufus',/m/015hnk,
b'Henri-Fr\xc3\xa9d\xc3\xa9ric Amiel',/m/037n6y,
b'Apollodorus the Epicurean',/m/03cndqv,
b'Eoin \xc3\x93 Broin',/m/02r7yrq,
b'Hermann Samuel Reimarus',/m/0187yz,
b'Jan Standonck',/m/0fm71g,
b'Johann Georg Heinrich Feder',/m/02ww0gl,
b'D. T. Suzuki',/m/036fy1,
b'Gary Habermas',/m/0767lx,
b'Frederick James Eugene Woodbridge',/m/08nx7t,
b'Anselm of Canterbury',/m/0xlc,
b'Rosa Luxemburg',/m/017ft0,
b'James Bugental',/m/027f4w0,
b'Antipater of Tarsus',/m/02pmd4w,
b'Evert Willem Beth',/m/06s3mm,
b'Hans Kamp',/m/0416x7z,
b'Adam of Dryburgh',/m/0285xj_,
b'Tommaso Palamidessi',/m/02r6dnb,
b'Thomas Brown',/m/01h8p3,
b'Paul Grice',/m/01xf_n,
b'Cas Wouters',/m/0c40gq_,
b'Marilyn Frye',/m/0b3qlb,
b'Nahmanides',/m/014bzk,
b'Mario Javier Saban',/m/05mxfcg,
b'Jaime Balmes',/m/012_zp,
b'Julius Caesar Scaliger',/m/0161ks,
b'Syed Faiz-ul Hassan Shah',/m/03cz4qf,
b'Casimir Lewy',/m/0287flv,
b'Hermann Blumenau',/m/05kj7p,
b'Gotthard G\xc3\xbcnther',/m/02qnt8,
b'Konstantin Leontiev',/m/07gg_5,
b'T. M. Scanlon',/m/0b8m23,
b'Aleksei Losev',/m/081pm9,
b'Gustav Teichm\xc3\xbcller',/m/0f533l,
b'Mary Ainsworth',/m/0bd_k4,
b'Isaac Levi',/m/027sv04,
b'Eduardo Nicol',/m/0d_w6m,
b'Gu Zhun',/m/09rbyw,
b'Daniel Raymond',/m/051vhm,
b'Al-Raghib al-Isfahani',/m/026nxlm,
b'Constantin Noica',/m/05l737,
b'Gilles Lipovetsky',/m/02vvxxm,
b'Malek Bennabi',/m/0dq7ys,
b'Jawdat Said',/m/026gwhx,
b'Harold Joachim',/m/07_6j4,
b'Ludwig Klages',/m/08ctmb,
b'\xc3\x89tienne Balibar',/m/034w02,
b'Jakob Thomasius',/m/0286pw3,
v,
Adelard of Bath,/m/0lqbm,
Herman of Carinthia,/m/0p9mp,
Sun Yat-sen,/m/0m56y,
Albert M. Wolters,/m/08dc3q,
James R Payton Jr.,/m/09g99y8,
Gérard Granel,/m/02rmj9m,
Michèle Le Dœuff,/m/06f9lp,
Manuel Chrysoloras,/m/015sq0,
Algernon Sidney,/m/01ljdc,
Hans Driesch,/m/037qvn,
José Vasconcelos,/m/04hv08,
Paul Rée,/m/0952l9,
Dmitry Merezhkovsky,/m/07jknw,
Silvio Ceccato,/m/02690y0,
b'G. M. Syed',/m/0f7xfz,
b'U. G. Krishnamurti',/m/02dc11,
b'Adi Shankara',/m/019fqd,
b'Humberto Maturana',/m/02gscz,
b'William Leiss',/m/0b564w,
b'Charles Parsons',/m/05zlz4,
b'Antoine Destutt de Tracy',/m/01bzb8,
b'G\xc3\xbcnther Anders',/m/0gvlhj,
b'Henri Wallon',/m/026yrww,
b'Tan Sitong',/m/06m89w,
b'Richard Montague',/m/02w79t,
b'Wolfgang Stegm\xc3\xbcller',/m/026j0fd,
b'Kurt Rudolf Fischer',/m/02pp5w7,
b'Volker Zotz',/m/026tx97,
b'Mir Tanha Yousafi',/m/03c3_1h,
b'David Kaplan',/m/054r6m,
b'Nathan Salmon',/m/06l0tb,
b'Trevor Pinch',/m/0c6g9m,
b'Charles P\xc3\xa9guy',/m/01rsf2,
b'Abraham Kuyper',/m/01sjxm,
b'Thomas Metzinger',/m/01tyy2,
b'Richard J. Mouw',/m/05wxjr7,
b'Prabhat Ranjan Sarkar',/m/03h52n,
b'Camil Petrescu',/m/03rykf,
b'Quentin Smith',/m/094gbx,
b'Demonax',/m/087sc2,
b'Maurice Pradines',/m/02ryk58,
b'Nae Ionescu',/m/0b1jw5,
b'Surendranath Dasgupta',/m/0b7s7z,
b'Nikolay Chernyshevsky',/m/01rd0v,
b'Hanns Heinz Ewers',/m/03x8tq,
b'Rogers Albritton',/m/03ck587,
b'Tahir Allauddin Al-Qadri Al-Gillani',/m/03hhjy9,
b'Petre \xc8\x9au\xc8\x9bea',/m/03gzvr4,
b'Vil\xc3\xa9m Flusser',/m/05shc8,
b'Ian Rumfitt',/m/0bmf7k_,
b'Rosi Braidotti',/m/02698ng,
b'Richard J. F. Day',/m/0cc5c5,
b'Jonathan Bennett',/m/06n_f7,
b'Robert J. C. Young',/m/08ppw3,
b'David Gauthier',/m/0cwph,
b'David Wood',/m/026j94s,
b'Gregg Lambert',/m/05x2ln1,
b'Yang Zhu',/m/0362_p,
b'J\xc3\xb3zef Maria Boche\xc5\x84ski',/m/03_q1_,
b'Karl L\xc3\xb6with',/m/035jms,
b'Eliyahu Eliezer Dessler',/m/0323mq,
b'Herbert Spiegelberg',/m/02phvt0,
b'Bar Hebraeus',/m/01_j2k,
b'Francis of Assisi',/m/032p8,
b'Dimitris Dimitrakos',/m/02vq0t2,
b'Galen',/m/037h0,
b'Georg Cantor',/m/036ks,
b'Gautama Buddha',/m/015k7,
b'Paul R. Patton',/m/03cp0lb,
b'Giuseppe Mazzini',/m/096zc,
b'Heinrich Hertz',/m/03hht,
b'Giles Hooper',/m/0bh7jm2,
b'John of the Cross',/m/0c4j4,
b'Joseph Priestley',/m/0b0bx,
b'Tony Fry',/m/0gg8bx1,
b'Stuart Hampshire',/m/036cfm,
b'Michael Polanyi',/m/04znx,
b'Nagarjuna',/m/05k88,
b'James D. McCawley',/m/04ylyk,
b'Mylan Engel',/m/0264z2k,
b'James Rachels',/m/09g15n,
b'Ptolemy',/m/05_0t,
b'Ralph Cudworth',/m/06jd6,
b'Alastair Hannay',/m/075vxh,
b'Philip Lindholm',/m/0gwl41,
b'Mostafa Malekian',/m/07r1_t,
b'William A. Dembski',/m/0btty,
b'Robert J. Marks II',/m/03cgzd3,
b'Michael Devitt',/m/0kt4z3,
b'William Crathorn',/m/0462ttb,
b'Yisroel Salanter',/m/02nktb,
b'Diogenes of Babylon',/m/07v8fr,
b'Najmuddin Kubra',/m/073fgx,
b'Najm al-Din Razi',/m/073fs0,
b'Hugh of Saint-Cher',/m/05ccwq,
b'Yusuf Islahi',/m/051xc05,
b'Jacob Needleman',/m/02qhwqh,
b'Jalaluddin Umri',/m/02x02c4,
b'Mary Midgley',/m/03h9k5,
b'Sarfraz Ahmed Naeemi',/m/06614h2,
b'Abdul Haq Ansari',/m/0535tfw,
b'Sadat Husaini',/m/05f60dn,
b'Fazlur Rahman Faridi',/m/080h3c7,
b'Abul Hasan Ali Hasani Nadwi',/m/026f_my,
b'Jean-Marie Guyau',/m/06zcxr,
b'Rush Rhees',/m/0d9c10,
b'Gy\xc3\xb6rgy M\xc3\xa1rkus',/m/092hvd,
b'Pietro Pomponazzi',/m/079jld,
b'Frank Cameron Jackson',/m/06gk0h,
b'Donald T. Campbell',/m/08h3fs,
b'Jean-Pierre Faye',/m/026xqt1,
b'Ladislav Kl\xc3\xadma',/m/07tm9j,
b'Brian Skyrms',/m/05wcpgr,
b'Frank Sibley',/m/03mdl47,
b'Joseph Gabel',/m/05xg97y,
b'Ath\xc4\xabr al-D\xc4\xabn al-Abhar\xc4\xab',/m/05sd3y,
b'Arthur F. Holmes',/m/0c5r5_,
b'Tran Duc Thao',/v,
b'Adelard of Bath',/m/0lqbm,
b'Herman of Carinthia',/m/0p9mp,
b'Sun Yat-sen',/m/0m56y,
b'Albert M. Wolters',/m/08dc3q,
b'James R Payton Jr.',/m/09g99y8,
b'G\xc3\xa9rard Granel',/m/02rmj9m,
b'Mich\xc3\xa8le Le D\xc5\x93uff',/m/06f9lp,
b'Manuel Chrysoloras',/m/015sq0,
b'Algernon Sidney',/m/01ljdc,
b'Hans Driesch',/m/037qvn,
b'Jos\xc3\xa9 Vasconcelos',/m/04hv08,
b'Paul R\xc3\xa9e',/m/0952l9,
b'Dmitry Merezhkovsky',/m/07jknw,
b'Silvio Ceccato',/m/02690y0,
