name,freebase_id,yob
b'Baruch Spinoza',/m/015n8,1632
b'Albert Einstein',/m/0jcx,1879
b'Blaise Pascal',/m/01b0x,1623
b'Alexis de Tocqueville',/m/015v8f,1805
b'G. K. Chesterton',/m/037jz,1874
b'Johann Wolfgang von Goethe',/m/042q3,1749
b'Joseph Butler',/m/015r88,1692
b'Adam Smith',/m/0tfc,1723
b'Thomas Paine',/m/07kwl,1737
b'William Godwin',/m/011zsy,1756
b'William Petty',/m/01yfj1,1623
b'Zhu Xi',/m/01kdw9,1130
b'Wang Yangming',/m/02xb9k,1472
b'Benjamin Tucker',/m/01hkr,1854
b'Alfred North Whitehead',/m/0bwpg,1861
b'Ludwig von Mises',/m/0cpvcd,1881
b'Francis Hutcheson',/m/019sh3,1694
b'Paracelsus',/m/013wgy,1493
b'Samuel Alexander',/m/05wk13x,1859
b'Bernard Mandeville',/m/02qjjq,1670
b'Nikolai Berdyaev',/m/01thjq,1874
b'William Cleghorn',/m/02z9h_7,1718
b'Adam Ferguson',/m/017qy4,1723
b'Antoni Lange',/m/070mww,1863
b'Heraclitus',/m/03l6h,-534
b'Juan Donoso Cort\xc3\xa9s',/m/08hd3x,1809
b'Georges Sorel',/m/s02zng2,1847
b'Emer de Vattel',/m/05x1vk,1714
b'Pierre-Joseph Proudhon',/m/0d7t6,1809
b'Kenneth Waltz',/m/04b2f0,1924
b'Moritz Schlick',/m/01dfd4,1882
b'Swami Vivekananda',/m/0cdfl,1863
b'Max Stirner',/m/0slqn,1806
b'Aristotle',/m/0gz_,-383
b'Bertrand Russell',/m/01bpn,1872
b'Arthur Schopenhauer',/m/0j3v,1788
b'Denis Diderot',/m/028xm,1713
"b""Baron d'Holbach""",/m/01btgd,1723
b'George Berkeley',/m/034ms,1685
b'George Santayana',/m/018wj9,1863
b'Giacomo Leopardi',/m/0c8cl,1798
b'Herbert Spencer',/m/01kznw,1820
b'Ayn Rand',/m/0h25,1905
b'John Stuart Mill',/m/03_hd,1806
b'Apuleius',/m/0t6h,0125
b'Ludwig Wittgenstein',/m/04hcw,1889
b'Niccol\xc3\xb2 Machiavelli',/m/05cvs,1469
b'Ren\xc3\xa9 Descartes',/m/06csk,1596
b'Jakob B\xc3\xb6hme',/m/02by2w,1575
b'Giambattista Vico',/m/015_hb,1668
b'Benedetto Croce',/m/037c7x,1866
b'Zeno of Elea',/m/01236p,-489
b'Otto Weininger',/m/01ckkq,1880
b'Isabel Paterson',/m/04zks3,1886
b'Baltasar Graci\xc3\xa1n',/m/04qrrt,1601
b'Antonio Labriola',/m/07m56m,1843
b'Democritus',/m/0290q,-460
b'Maimonides',/m/04xk5,1135
b'Parmenides',/m/05w9g,-500
b'Augustine of Hippo',/m/0w6w,0354
b'Ibn Tufail',/m/046bnx,1110
b'Giovanni Gentile',/m/03blcp,1875
b'Giordano Bruno',/m/03d8f,1548
b'Thomas Reid',/m/07bvs,1710
b'Averroes',/m/0cvlw,1126
b'C. S. Lewis',/m/01wd02c,1898
b'Michel de Montaigne',/m/0c2cl,1533
b'William James',/m/0mj0c,1842
b'Alexius Meinong',/m/0247kx,1853
b'Hermann Lotze',/m/01b5b6,1817
b'Joseph de Maistre',/m/01f6vp,1753
b'Christoph von Sigwart',/m/03lr9f,1830
b'G. E. Moore',/m/034n8,1873
b'Giuseppe Peano',/m/03dyg,1858
b'Gottfried Wilhelm von Leibniz',/m/0372p,1646
b'Owen Barfield',/m/02tp7c,1898
b'Richard McKeon',/m/0bbm0m,1900
b'Damaris Cudworth Masham',/m/058sj2,1659
b'Antero de Quental',/m/0373rz,1842
b'Fernando Pessoa',/m/03145,1888
b'Ernst Haeckel',/m/02mtv,1834
b'David Hume',/m/026lj,1711
b'Edmund Burke',/m/02qr0,1729
b'Henry David Thoreau',/m/0bwx3,1817
b'Emma Goldman',/m/02nmr,1869
b'Peter Kropotkin',/m/0dgq9,1842
b'Nicolas Malebranche',/m/017h16,1638
b'Pyrrho',/m/011k9p,-358
b'Pierre Bayle',/m/01stjn,1647
b'Epicurus',/m/02q_8,-341
b'Marshall McLuhan',/m/04y4j,1918
b'Sextus Empiricus',/m/0182_n,0160
b'Epictetus',/m/02tkc,0050
b'Lev Shestov',/m/04_d1b,1866
b'Rudolf Christoph Eucken',/m/01h90j,1846
b'Karl Leonhard Reinhold',/m/04qpgj,1757
b'Friedrich Schiller',/m/0h336,1759
b'Friedrich Nietzsche',/m/02wh0,1844
b'Lysander Spooner',/m/0kmkv,1808
b'Francis Bacon',/m/030dr,1561
b'Ralph Waldo Emerson',/m/06jkm,1803
b'African Spir',/m/08nwqf,1837
b'Ludwig Feuerbach',/m/0182xl,1804
b'Friedrich Engels',/m/0cp8j,1820
b'Friedrich Albert Lange',/m/01qwjz,1828
b'Protagoras',/m/06035,-485
b'Auguste Comte',/m/0zz2v,1798
b'Bruno Bauer',/m/0jnsf,1809
b'Fr\xc3\xa9d\xc3\xa9ric Bastiat',/m/0301k,1801
b'Georg Wilhelm Friedrich Hegel',/m/039n1,1770
b'Johann Gottlieb Fichte',/m/0350t,1762
b'Marquis de Sade',/m/02flz,1740
b'Geoffrey Chaucer',/m/03b_m,1343
b'Novalis',/m/01fgc6,1772
b'Friedrich Wilhelm Joseph Schelling',/m/0182w0,1775
b'Nicholas of Cusa',/m/01pqmd,1401
b'Johann Georg Hamann',/m/01k8bj,1730
b'Charles Bray',/m/02x4v20,1811
b'George Boole',/m/09jzz,1815
b'Johann Gottfried Herder',/m/01qzgm,1744
b'Johannes Scotus Eriugena',/m/044g1n,0810
b'Friedrich Heinrich Jacobi',/m/01cz85,1743
b'Gotthold Ephraim Lessing',/m/0378w,1729
b'Henri Bergson',/m/03j43,1859
b'Isaac Newton',/m/03s9v,1643
b'Immanuel Kant',/m/03sbs,1724
b'Hugo Grotius',/m/0hl94,1583
b'Christian Wolff',/m/01czwg,1679
b'F\xc3\xa9lix Ravaisson-Mollien',/m/017lgr,1813
b'Francisco Su\xc3\xa1rez',/m/042bxj,1548
b'Johannes Nikolaus Tetens',/m/04q48q,1736
b'Philodemus',/m/07slxy,-109
"b'Sir William Hamilton, 9th Baronet'",/m/01d89l,1788
b'Alexander Gottlieb Baumgarten',/m/01r5yn,1714
b'\xc3\x89mile Durkheim',/m/09j84,1858
b'Carl Jung',/m/0bk5r,1875
b'S\xc3\xb8ren Kierkegaard',/m/06qvh,1813
b'Maine de Biran',/m/017jns,1766
b'Johann Heinrich Lambert',/m/0n29h,1728
b'Jean-Jacques Rousseau',/m/0420y,1712
b'Augustus De Morgan',/m/0q2w,1806
b'Jean Bodin',/m/01nywz,1529
b'William Whewell',/m/01d48b,1794
b'Alexander Bain',/m/0121qt,1818
b'Charles Babbage',/m/01qmz,1791
b'John Locke',/m/043s3,1632
b'John Cowper Powys',/m/01ffjd,1872
b'John Dewey',/m/04411,1859
b'John Dee',/m/043y0,1527
b'Pierre Gassendi',/m/01b_dj,1592
"b'Claude Henri de Rouvroy, comte de Saint-Simon'",/m/01f3ss,1760
b'James Mill',/m/017h4t,1773
b'George Herbert Mead',/m/01x73v,1863
b'Wilhelm von Humboldt',/m/081_6,1767
b'Thomas Hill Green',/m/01f0h6,1836
b'Josiah Warren',/m/06h_n6,1798
b'George Sylvester Morris',/m/09yp5w,1840
b'Karl Marx',/m/048cl,1818
b'Leo Tolstoy',/m/01tz6vs,1828
b'Charles Fourier',/m/01jfhs,1772
b'Jules Michelet',/m/01s6q3,1798
b'Alexander Herzen',/m/02fkcx,1812
b'Petr Chel\xc4\x8dick\xc3\xbd',/m/029km3,1390
b'Joseph Dietzgen',/m/03_88v,1828
b'Karl Kautsky',/m/01x_n6,1854
b'Marcus Aurelius',/m/051x8,0121
b'Mahatma Gandhi',/m/04xfb,1869
b'Mary Wollstonecraft',/m/04_cw,1759
b'Lucretius',/m/0987k,-099
b'Desiderius Erasmus',/m/02rpq,1469
b'Michael Faraday',/m/04zt0,1791
b'Jan Hus',/m/042x_,1369
b'Frank P. Ramsey',/m/01jkgd,1903
b'Posidonius',/m/0m1s3,-134
b'Plutarch',/m/063_9,0046
b'Robert Boyle',/m/0d98m,1627
b'Plato',/m/05qmj,-426
b'Gorgias',/m/0p7d0,-482
b'Nasir al-Din al-Tusi',/m/0428hj,1201
b'Pythagoras',/m/05sr0,-584
b'Ab\xc5\xab Ray\xe1\xb8\xa5\xc4\x81n al-B\xc4\xabr\xc5\xabn\xc4\xab',/m/01ny93,0973
b'Omar Khayy\xc3\xa1m',/m/0m_hz,1048
b'Terence McKenna',/m/01k1wq,1946
b'Duns Scotus',/m/0m1wd,1265
b'Adam Weishaupt',/m/0wjz,1748
b'Mikhail Bakunin',/m/0fyhn,1814
b'Samuel Taylor Coleridge',/m/078w2,1772
b'Sigmund Freud',/m/06myp,1856
b'Josef Breuer',/m/053rzy,1842
b'Karl Robert Eduard von Hartmann',/m/02vhlz,1842
b'William Wollaston',/m/0q250,1659
b'Franz Brentano',/m/0l235,1838
b'Seneca the Younger',/m/0j_8y,-003
b'Thomas Carlyle',/m/0ymtb,1795
b'Thomas Hobbes',/m/07c37,1588
b'Thomas Jefferson',/m/07cbs,1743
b'Giovanni Pico della Mirandola',/m/013w_3,1463
b'Thomas More',/m/07hl9,1478
b'Thomas Aquinas',/m/07kb5,1225
b'F. H. Bradley',/m/02dtxl,1846
b'Proclus',/m/066c6,0412
b'Pseudo-Dionysius the Areopagite',/m/05x_l,0500
b'Walt Whitman',/m/085gk,1819
b'William Paley',/m/08496,1743
b'Wang Fuzhi',/m/055kf1,1619
b'Richard Avenarius',/m/0440vk,1843
b'Cheng Yi',/m/027gyyf,1033
b'Rudolf Steiner',/m/06hwd,1861
b'Charles Bernard Renouvier',/m/017lh3,1815
b'David Hartley',/m/017gqs,1705
b'F. C. S. Schiller',/m/05xp4l,1864
b'Muhammad Usman Damani',/m/0ch3vxc,1864
b'Muhammad Sirajuddin Naqshbandi',/m/0ch2vc_,1879
b'Zhou Dunyi',/m/06r6f2,1017
b'Frithjof Bergmann',/m/0b0kb9,1930
b'Ernst Mach',/m/0fcy0,1838
b'Guy Debord',/m/014pkc,1931
b'Philippa Foot',/m/04ycgp,1920
b'Candace Vogler',/m/0bbs7g,1920
b'Carl Stumpf',/m/02hrxh,1848
b'Leo Strauss',/m/01dvtx,1899
b'Joseph Cropsey',/m/02691cg,1919
b'Evald Ilyenkov',/m/02n65z,1924
b'Cornelius Castoriadis',/m/032hw6,1922
b'Cornelius Van Til',/m/0bh36k,1895
b'Francis Schaeffer',/m/018d22,1912
b'Kurt Koffka',/m/01q0z8,1886
b'Euclid of Megara',/m/03n25g,-450
b'Stilpo',/m/04jdxd,-400
b'Max Horkheimer',/m/04xnh,1895
b'Erich Fromm',/m/0cb9c,1900
b'H. L. A. Hart',/m/01tfg3,1907
b'Neil MacCormick',/m/025q95,1941
b'Henry Sidgwick',/m/01dcwz,1838
b'J. J. C. Smart',/m/028ssh,1920
b'Frantz Fanon',/m/0nk7l,1925
b'Lewis Gordon',/m/06nj4n,1962
b'Nelson Goodman',/m/04dyc2,1906
b'Jerry Fodor',/m/027931,1935
b'Arthur Danto',/m/041yx0,1924
b'Gy\xc3\xb6rgy Luk\xc3\xa1cs',/m/01t57w,1885
b'Ren\xc3\xa9 Gu\xc3\xa9non',/m/032xc4,1886
b'Huston Smith',/m/03v8zv,1919
b'Gianni Vattimo',/m/07k8bc,1936
b'Mario Kopi\xc4\x87',/m/04y9j94,1965
b'Hannah Arendt',/m/0nk72,1906
b'Cleomedes',/m/077h0y,0200
b'Jason of Nysa',/m/03ck33s,-100
b'Hilary Putnam',/m/0j_qm,1926
b'Alfred Sch\xc3\xbctz',/m/0ql9l,1899
b'Georg Simmel',/m/0qngb,1858
b'Wilhelm Windelband',/m/04f7mv,1848
b'Bernard Lonergan',/m/0446t9,1904
b'Dieter Henrich',/m/02vp35p,1927
b'Manfred Frank',/m/02rxpj7,1945
b'Roland Barthes',/m/017kb5,1915
b'John Anderson',/m/01368h,1893
b'David Chalmers',/m/01m382,1966
b'Richard Price',/m/0crqcc,1949
b'Simone Weil',/m/018klb,1909
b'Friedrich Schleiermacher',/m/018fn7,1768
b'Alvin Plantinga',/m/0m6yd,1932
b'Robin Collins',/m/0bjj5b,1932
b'Michael C. Rea',/m/0ds54f6,1968
b'Bas van Fraassen',/m/04ztyb,1941
b'Al-Mawardi',/m/04h_6r,0974
b'Jean Wahl',/m/04cqs6,1888
b'Alan Watts',/m/01crts,1915
b'Aurel Kolnai',/m/03c3_3x,1900
b'Phillip Blond',/m/04n439v,1966
b'Slavoj \xc5\xbdi\xc5\xbeek',/m/0169ff,1949
b'Alain Badiou',/m/0351yk,1937
b'Peter Sloterdijk',/m/03tqkv,1947
b'Georges Canguilhem',/m/039hch,1904
b'Peter Rollins',/m/0d3rkt,1973
b'Jacob Taubes',/m/087jng,1923
"b""Yahya ibn Ma'in""",/m/0h454m,0775
b'Gilles Deleuze',/m/0399p,1925
b'Manuel De Landa',/m/021ql3,1952
b'Michael J. Shapiro',/m/0b1zk3,1940
b'William E. Connolly',/m/06p686,1938
b'Jean Cavaill\xc3\xa8s',/m/0f2w0r,1903
b'Carl Schmitt',/m/024kq1,1888
b'\xc3\x89mile Chartier',/m/039lqm,1868
b'Jacques Ranci\xc3\xa8re',/m/01tqpm,1940
b'Gillian Rose',/m/081g2h,1947
b'Jacques Lacan',/m/043tg,1901
b'Ivan Illich',/m/01jbdk,1926
b'Rajneesh',/m/019fxc,1931
b'Gaston Bachelard',/m/02nxw4,1884
b'Antonio Negri',/m/01m2jf,1933
b'Arne N\xc3\xa6ss',/m/039v0w,1912
b'Antoine Arnauld',/m/01h7yq,1612
b'\xc3\x89tienne Bonnot de Condillac',/m/017gzg,1714
b'A. C. Grayling',/m/06g4pw,1949
b'Allan Bloom',/m/0lhg5,1930
b'Ferdinand de Saussure',/m/02zk8,1857
b'Edmund Husserl',/m/02ln1,1859
b'Adolf Reinach',/m/03w_89,1883
b'Amafinius',/m/0bwnq_,1883
b'F\xc3\xa9lix Guattari',/m/02zww,1930
b'Jean-Paul Sartre',/m/045bg,1905
b'Leonard Peikoff',/m/01p34g,1933
b'Andrew Bernstein',/m/07sf67,1949
b'Abraham bar Hiyya',/m/02ycrk,1065
b'Abraham ibn Ezra',/m/0125t0,1089
b'Aristippus',/m/01lfpy,-434
b'Arete of Cyrene',/m/09d9j6,-400
b'Anaxagoras',/m/0sq0,-495
b'Archelaus',/m/08fbbv,-495
b'Borden Parker Bowne',/m/0444jt,1847
b'Gilbert Simondon',/m/07hnl6,1924
b'Bernard Stiegler',/m/0h068v,1952
b'Bernard Bolzano',/m/01s0nm,1782
b'Leszek Ko\xc5\x82akowski',/m/040vxp,1927
b'Gemistus Pletho',/m/014fxp,1355
b'Claude L\xc3\xa9vi-Strauss',/m/01tvt,1908
"b'Victoria, Lady Welby'",/m/03zgsb,1837
b'Charles Kay Ogden',/m/02gbyp,1889
b'Charles Maurras',/m/01g3g6,1868
b'Dami\xc3\xa3o de G\xc3\xb3is',/m/01y3bw,1502
b'Dan Zahavi',/m/03c5b09,1967
b'Catius',/m/0bwnp8,1967
b'Brian Massumi',/m/07lt8f,1956
b'Bryan Reynolds',/m/02pg9_9,1965
b'Roman Jakobson',/m/06ll8,1896
b'Kazi Nazrul Islam',/m/02m_dh,1899
b'Edward Said',/m/0969fd,1935
b'Donald Davidson',/m/01r6rr,1917
b'Georges Bataille',/m/01dqh6,1897
b'Josiah Royce',/m/02h4fy,1855
b'Gabriel Marcel',/m/02qyy8,1889
b'Antoine Augustin Cournot',/m/0444_5,1801
b'Ernesto Laclau',/m/02xn4y,1935
b'Eugen Fink',/m/02x9v42,1905
b'Giovanni Vailati',/m/07f4qc,1863
b'Willard Van Orman Quine',/m/085b_,1908
b'Martin Buber',/m/01hb49,1878
b'Stanis\xc5\x82aw Ignacy Witkiewicz',/m/0239lt,1885
b'Han Ryner',/m/05sz8sv,1861
b'John Colet',/m/015rvw,1467
b'Guillaume Bud\xc3\xa9',/m/015ry1,1467
b'L. E. J. Brouwer',/m/01794d,1881
b'Hermann Weyl',/m/019nfb,1885
b'Hans Blumenberg',/m/05vz4bj,1920
b'Hans K\xc3\xb6chler',/m/0b16h0,1948
b'Jan Pato\xc4\x8dka',/m/03rysd,1907
b'Hermarchus',/m/07fl9t,-324
b'J. L. Austin',/m/01jjv4,1911
b'Georg Henrik von Wright',/m/036xf,1916
b'Jaakko Hintikka',/m/05q8rb,1929
b'Hans-Georg Gadamer',/m/03mt9,1900
b'Hans Robert Jauss',/m/076m0n,1921
b'Noam Chomsky',/m/0b78hw,1928
b'Vilfredo Pareto',/m/0806p,1848
b'Gilbert Ryle',/m/03yfwn,1900
b'Adamantios Korais',/m/024knz,1748
b'David Brewster',/m/02c86,1781
b'Johann Friedrich Herbart',/m/01b5fd,1776
b'Rigas Feraios',/m/04dbhw,1757
b'Louis Althusser',/m/0k665,1918
b'L\xc3\xa9on Brunschvicg',/m/048z9d,1869
b'Julius Evola',/m/01qhxs,1898
b'Louis Gabriel Ambroise de Bonald',/m/02ydv2,1754
b'Ernst J\xc3\xbcnger',/m/014g17,1895
b'Ernst Cassirer',/m/02prnr,1874
b'Jos\xc3\xa9 Ortega y Gasset',/m/031954,1883
b'Marvin Farber',/m/0ddypp,1901
b'Metrodorus of Lampsacus',/m/049s_y,-330
b'Max Black',/m/01s3bn,1909
b'Karl-Otto Apel',/m/05z_64,1922
b'Melissus of Samos',/m/02glh2,-469
b'Lucien L\xc3\xa9vy-Bruhl',/m/0410_j,1857
b'Wilhelm Dilthey',/m/02wcp1,1833
b'Karl Jaspers',/m/01x15b,1883
b'Nicholas Rescher',/m/02rrz4,1928
b'Michel Onfray',/m/065_27,1959
b'Pierre Duhem',/m/026v7j,1861
b'Raoul Vaneigem',/m/01px7_,1934
b'Paul Ric\xc5\x93ur',/m/02bvkz,1913
b'Zeno of Sidon',/m/05zh2q,-149
b'\xc3\x89tienne de La Bo\xc3\xa9tie',/m/022zkz,1530
b'Georges Palante',/m/04cy47h,1862
b'Meister Eckhart',/m/01ttgn,1260
b'Julien Offray de La Mettrie',/m/03fh67,1709
b'Maurice Halbwachs',/m/03ftsv,1877
b'Salomon Maimon',/m/078dpp,1754
b'Roger Scruton',/m/03yzwb,1944
b'Russell Kirk',/m/04crpl,1918
b'Sebastian Shaumyan',/m/02qh76x,1916
b'Roman Ingarden',/m/067c83,1893
b'Shaun Gallagher',/m/0g89dg,1948
b'Roger Joseph Boscovich',/m/013q12,1711
b'Moses Mendelssohn',/m/0c74z,1729
b'Tom\xc3\xa1\xc5\xa1 Garrigue Masaryk',/m/012y66,1850
b'Vladimir Lenin',/m/05wh0sh,1870
b'Gian-Carlo Rota',/m/0ptrx,1932
b'W. D. Ross',/m/063xy9,1877
b'William Stern',/m/08nwsy,1871
b'Dewi Zephaniah Phillips',/m/05n0f4,1934
b'Pierre Ab\xc3\xa9lard',/m/0cf10s,1079
b'John of Salisbury',/m/0141x2,1120
b'Eric Voegelin',/m/01b5l3,1901
b'Ned Block',/m/0497b7,1942
b'Demetrius of Phalerum',/m/01mpqz,-349
b'Pier Paolo Pasolini',/m/016hvl,1922
b'Vladimir Solovyov',/m/03fh1g,1853
b'Sergei Bulgakov',/m/086ntb,1871
b'Charles Taylor',/m/01r356,1931
b'Murray Rothbard',/m/052h3,1926
b'John D. Caputo',/m/02g26j,1940
b'Jacques Ellul',/m/03kk6x,1912
b'Hubert Dreyfus',/m/03sy5d,1929
b'Alejandro Korn',/m/02qfqq1,1860
b'Francisco Romero',/m/08nwfb,1891
b'Philo',/m/01dvk1,-019
b'Ananda Coomaraswamy',/m/01q0hh,1877
b'Apollonius of Tyana',/m/0hph2,0002
b'Simone de Beauvoir',/m/0gsjk,1908
b'Karl Christian Friedrich Krause',/m/02vhq5,1781
b'Timon of Phlius',/m/04jdvk,-319
b'Arcesilaus',/m/016_pz,-314
b'Michael Martin',/m/037lh8,1932
b'Adam M\xc3\xbcller',/m/04nm1q,1779
b'Othmar Spann',/m/01_ldd,1878
b'Ebn Meskavayh',/m/06h2nt,0932
b'Mulla Sadra',/m/050h_6,1571
b'Bah\xc4\x81\xca\xbe al-d\xc4\xabn al-\xca\xbf\xc4\x80mil\xc4\xab',/m/02z5x42,1547
b'H\xc3\xa9l\xc3\xa8ne Cixous',/m/016k0j,1937
"b""Abu'l-Barak\xc4\x81t al-Baghd\xc4\x81d\xc4\xab""",/m/04mfv7,1080
b'Jean Buridan',/m/0176j0,1295
b'Bayazid Bastami',/m/04z4gp,0804
b'Sidney Hook',/m/04_68r,1902
b'C. H. Waddington',/m/04475g,1905
b'J. L. Mackie',/m/01jz59,1917
b'Henry George',/m/012102,1839
b'Murray Bookchin',/m/0142kg,1921
b'Menedemus',/m/0172th,-0344
b'Mircea Eliade',/m/014c1n,1907
b'Hypatia',/m/09kjn,0355
b'John Grinder',/m/01h_mc,1940
b'Judith Butler',/m/0132q1,1956
b'Hermann Ulrici',/m/05ngbs,1806
b'Andrew Seth Pringle-Pattison',/m/07srsh,1856
b'Heinrich Ritter',/m/015hq_,1791
b'Stephen Walt',/m/016wkh,1955
b'Pierre Teilhard de Chardin',/m/05x3p,1881
b'Hans Jonas',/m/02bb9q,1903
b'David Bohm',/m/019fz0,1917
b'Immanuel Hermann Fichte',/m/0164t2,1796
b'Georges Dume\xcc\x81zil',/m/05ws0b3,1898
b'Jos\xc3\xa9 Carlos Mari\xc3\xa1tegui',/m/0573p4,1894
b'David A. Kolb',/m/06x0gk,1939
b'Simon Critchley',/m/081fjw,1960
b'Stanley Cavell',/m/032xn8,1926
b'Xavier Zubiri',/m/05tm6j,1898
b'Aenesidemus',/m/0182n0,-079
b'John Veitch',/m/01d8d4,1829
b'Philo of Larissa',/m/04fhwm,1829
b'Crispin Wright',/m/01s3cb,1942
b'Michael Lynch',/m/04yg56q,1942
b'Derek Parfit',/m/0g8nz,1942
b'Harry Binswanger',/m/04crx7,1944
b'Abu Zayd al-Balkhi',/m/05xdhf,0850
b'William Molyneux',/m/075xjj,1656
b'Hegesias of Cyrene',/m/08kysd,-400
b'Ibn Hazm',/m/053wp4,0994
b'Muhammad Asad',/m/0c26gg,1900
b'Carneades',/m/0444t2,-213
b'Muhammad Abduh',/m/04bkjb,1849
b'Andr\xc3\xa9 Gorz',/m/080wmb,1923
b'Paul de Man',/m/01t22k,1919
b'Michel Serres',/m/03bql5,1930
b'Al-Jahiz',/m/02zrtw,0775
b'Panaetius',/m/05drgf,-184
b'Hecato of Rhodes',/m/0542h5,-200
b'Fran\xc3\xa7ois Laruelle',/m/0dxk7y,1937
b'Emil Fackenheim',/m/04x921,1916
b'Serge Moscovici',/m/07y2d4,1925
b'Vincent Descombes',/m/05x6x7k,1943
b'Franz Joseph Gall',/m/01t2vw,1758
b'Carl Gustav Hempel',/m/04y1p3,1905
b'John Earman',/m/04lr3c,1942
b'Hans Kelsen',/m/04qf94,1881
b'Ahmad Khani',/m/0921vb,1650
b'Francis Parker Yockey',/m/01npms,1917
b'Richard Kroner',/m/04mm79,1884
b'Walter Kaufmann',/m/049x31,1921
b'Ivan Soll',/m/04y8krw,1938
b'Ibn al-Nafis',/m/07c7x9,1213
b'Al-Tabarani',/m/0ff3r6,0873
b'Amin Ahsan Islahi',/m/0fg61h,1904
b'Khalid Masud',/m/027y1k3,1935
b'Don Ihde',/m/05_pnp,1934
b'Antoine Berman',/m/02x5zqg,1942
b'Al-Kindi',/m/01nyqc,0801
b'Fernando Gonz\xc3\xa1lez',/m/043m1pk,1895
b'Estanislao Zuleta',/m/07mnbj,1935
b'Mirza Mazhar Jan-e-Janaan',/m/025w7l3,1699
b'Qadi Thanaullah Panipati',/m/0ksr9j,1699
b'Clarence Irving Lewis',/m/027zvd,1883
b'William Frankena',/m/027d7xl,1908
b'David Lewis',/m/0232gm,1941
b'Robert Brandom',/m/03ktgg,1950
b'David Schmidtz',/m/06s6nb,1955
b'Jason Brennan',/m/0q41611,1979
b'Robert B. Pippin',/m/0drs69,1948
b'Rudolf Otto',/m/02qtpj,1869
b'Tudor Vianu',/m/03rtm6,1898
b'Wilfrid Sellars',/m/01y1jz,1912
b'Suzanne Briet',/m/09g7_g2,1894
b'Albert Camus',/m/0lcx,1913
b'Linda Trinkaus Zagzebski',/m/040s02,1946
b'Martha Nussbaum',/m/01y3j6,1947
b'Alasdair MacIntyre',/m/02tn3m,1929
b'Bernard Williams',/m/02p76c,1929
b'Nicolai Hartmann',/m/02j8qr,1882
b'Max Scheler',/m/03crz1,1874
b'Edward Abramowski',/m/08zg_h,1868
b'Dallas Willard',/m/05bkmp,1935
b'Ole Thyssen',/m/0280xhf,1944
b'Jalal ad-Din Muhammad Rumi',/m/0461p,1207
b'Sayyad Laal Shah Hamdani',/m/0ch24vc,1207
b'Will Kymlicka',/m/03hnbb,1962
b'Edith Penrose',/m/025_075,1914
b'Hans Vaihinger',/m/02g_1q,1852
b'Rosalind Hursthouse',/m/01rmxv,1943
b'Herbert Marcuse',/m/03l44,1898
b'B. R. Ambedkar',/m/01c1y0,1891
b'Muhsin al-Hakim',/m/031qjr,1889
b'Gerald Cohen',/m/05_3k7,1941
b'T. K. Seung',/m/03hngpt,1930
b'David Williams',/m/02vy44p,1738
b'Peter Geach',/m/01s3cq,1916
b'Alexandre Koyr\xc3\xa9',/m/06s3rg,1892
b'Abdel Rahman Badawi',/m/0798bj,1917
b'Theodor W. Adorno',/m/07h1q,1903
b'Otto Neurath',/m/0d8n_,1882
"b""John O'Neill""",/m/05x1mfc,1956
b'Thomas Kuhn',/m/07lsm,1922
b'Takis Fotopoulos',/m/08fq35,1940
b'\xc3\x89mile Meyerson',/m/08yfvp,1859
"b""Ka'ab al-Ahbar""",/m/026ht8c,1859
b'Yusuf ibn Abd al-Rahman al-Mizzi',/m/0h47_d,1256
b'Ibn Kathir',/m/02bkwx,1300
b'Pierre Laffitte',/m/076092,1823
b'Ibn Qayyim Al-Jawziyya',/m/05yrms,1292
b'Ibn Taymiyyah',/m/01nyrx,1263
b'Michael Walzer',/m/035fn3,1935
b'Otto Bauer',/m/03j8bg,1881
b'Jules de Gaultier',/m/0blrkm,1858
b'Sh\xc5\xabz\xc5\x8d Kuki',/m/019hvw,1888
b'Charles Cooley',/m/030zwp,1864
b'Strato of Lampsacus',/m/02vn3_,-334
b'Miroslav Krle\xc5\xbea',/m/01tw26,1893
b'Lewis Mumford',/m/01tmnx,1895
b'Jon Elia',/m/04gljv,1931
b'Norbert Elias',/m/026gpc,1897
b'Juan V\xc3\xa1zquez de Mella',/m/0cdwyv,1861
b'Osvaldo Lira',/m/03cj3l1,1904
b'Wolfi Landstreicher',/m/0557ff,1904
b'Ruth Millikan',/m/06f7kk,1933
b'Kostas Axelos',/m/0537ph,1924
b'Henri Lefebvre',/m/03fg90,1901
b'R. G. Collingwood',/m/02dm9c,1889
b'Karl Korsch',/m/026vmm,1886
b'Quentin Meillassoux',/m/0g_c06,1967
b'Graham Priest',/m/09svky,1948
b'Stanley Rosen',/m/0gjs7n,1929
b'Crates of Athens',/m/02q3446,-400
b'Yevgeny Baratynsky',/m/03jgrc,1800
b'Jos\xc3\xa9 Correia da Serra',/m/02rzw5z,1751
b'Johann Georg Sulzer',/m/09bky_,1720
b'\xc3\x89mile Boutroux',/m/02cln2,1845
b'Nikolay Lossky',/m/0dpx0c,1870
b'Titu Maiorescu',/m/02j2j5,1840
b'Kazimierz Twardowski',/m/03_3_q,1866
b'Roy Johnston',/m/065z_vt,1929
b'Rom Harr\xc3\xa9',/m/0d32tj,1927
b'Mark Lilla',/m/0270gws,1956
b'John Mearsheimer',/m/03wchs,1947
b'David Stove',/m/04j6xh,1927
b'Heinrich Rickert',/m/04f7p_,1863
b'Maurice Blondel',/m/09cvw6,1861
b'Jerzy \xc5\xbbu\xc5\x82awski',/m/0f8ft8,1874
b'Jonathan Wolff',/m/08hsc0,1959
b'Alan Carter',/m/02w9k2f,1952
b'Mykhailo Drahomanov',/m/08ltzx,1841
b'David Kelley',/m/03xbp1,1949
b'Nicos Poulantzas',/m/059p_z,1936
b'Norman Geisler',/m/05xgmdj,1932
b'Herbert McCabe',/m/06vcfr,1926
b'Brian Davies',/m/0gkgg6,1951
b'Arthur Drews',/m/0dtt8_,1865
b'Aristippus the Younger',/m/03cnldp,-400
b'Richard Swinburne',/m/01m3q2,1934
b'Antony Flew',/m/04tq_d,1923
b'Jakob Schegk',/m/0dgq85p,1511
b'Nicolaus Taurellus',/m/05qtch,1547
b'Milan Komar',/m/03hk0hn,1921
b'Homi K. Bhabha',/m/025trc3,1949
b'Herbert Feigl',/m/05s0ft,1902
b'John Zerzan',/m/0px7f,1943
b'Paul Churchland',/m/0dgfzq,1942
b'Renata Salecl',/m/0czcgtv,1962
b'Kevin Mulligan',/m/02rs3pv,1951
b'Jos\xc3\xa9 Guilherme Merquior',/m/07ngkz,1941
b'Burhan al-Din al-Marghinani',/m/026xjlz,1135
b'Axel Honneth',/m/073x7n,1949
b'Ioan P. Culianu',/m/0598qd,1950
b'Mark Lance',/m/0c7xlk,1959
b'Ernest Gellner',/m/01gbkp,1925
b'Louis Claude de Saint-Martin',/m/07cg0b,1743
"b""Al-Hasan ibn 'Ali al-Barbahari""",/m/02w1sp6,1743
b'Ibn Battah',/m/0264wfk,0916
b'Arthur Fine',/m/026fjwt,1937
b'Nancy Cartwright',/m/05mpds,1944
b'P. F. Strawson',/m/01k94t,1919
b'Ted Honderich',/m/03p67y,1933
b'Kitaro Nishida',/m/04011l,1870
b'Keiji Nishitani',/m/05y6wz2,1900
b'Ion Dragoumis',/m/0fvmff,1878
b'A. D. Gordon',/m/05rt6f,1856
b'Renzo Novatore',/m/08pjyw,1890
b'Abdulhakim Arvasi',/m/0cwmr5,1865
b'Necip Faz\xc4\xb1l K\xc4\xb1sak\xc3\xbcrek',/m/07nh_8,1904
b'Norberto Bobbio',/m/04_0vt,1909
b'Peter Railton',/m/0d6wzk,1950
b'Nihal Ats\xc4\xb1z',/m/07lcb0,1905
b'Tetsuro Watsuji',/m/054hnt,1889
b'Karel Kos\xc3\xadk',/m/027sywj,1926
b'Michel Foucault',/m/0ct9_,1926
b'Montesquieu',/m/0f9wd,1689
b'Jacques Derrida',/m/0dzkq,1930
b'Iris Murdoch',/m/0gdgq,1919
b'Archytas',/m/01k8rs,-427
b'Eudoxus of Cnidus',/m/0cytr,-407
b'Muhammad Tahir',/m/05q40rl,1962
b'Andy Clark',/m/032sry,1957
b'Cleanthes',/m/016_tb,-329
b'Chrysippus',/m/0986m,-280
b'Lacydes of Cyrene',/m/02ss_v,-300
b'Al-Mutanabbi',/m/03pqg1,0915
b'Ali ibn al-Madini',/m/0fdv84,0778
b'Emil Lask',/m/05p584l,1875
b'Alan Soble',/m/08640j,1947
b'Leucippus',/m/04k42,-500
b'Al-Khazini',/m/02rpzkf,1100
b'Knud Ejler L\xc3\xb8gstrup',/m/02nkhj,1905
b'Bruce Lee',/m/099d4,1940
b'William Alston',/m/081l4,1921
b'Robert Paul Wolff',/m/032yvb,1933
b'Robert C. Solomon',/m/03w26z,1942
b'Louis Michael Seidman',/m/0ds4g6n,1947
b'Peter G. Ossorio',/m/0c41jl_,1926
b'Edith Stein',/m/0bxhd,1891
b'Douglas Hofstadter',/m/02fcx,1945
b'Empedocles',/m/02lvm,-489
b'Ernest Nagel',/m/04j3_z,1901
b'Friedrich Hayek',/m/032r1,1899
b'Fyodor Dostoyevsky',/m/032l1,1821
b'Francis Fukuyama',/m/02_jg,1952
b'Theognostus of Alexandria',/m/043sk2n,0210
b'Gregory of Nyssa',/m/09g_z,0335
b'Hildegard of Bingen',/m/03kf2,1098
b'Ramon Llull',/m/0j3_p,1232
b'Raymond Aron',/m/01tw09,1905
b'J\xc3\xbcrgen Habermas',/m/044wb,1929
b'Julia Kristeva',/m/046gs,1941
b'William of Ockham',/m/0848q,1288
b'John Wycliffe',/m/046f1,1320
b'Mikhail Bakhtin',/m/02rxg8,1895
b'Gaetano Mosca',/m/09cfqh,1858
b'Karl Popper',/m/047g6,1902
b'Martin Heidegger',/m/099bk,1889
b'Marsilio Ficino',/m/050gd,1433
"b'Nicolas de Caritat, marquis de Condorcet'",/m/09dyk,1743
b'Kurt G\xc3\xb6del',/m/048c2,1906
b'Alfred Tarski',/m/0g9m4,1901
b'Max Weber',/m/04xm_,1864
b'Maurice Merleau-Ponty',/m/04xbh,1908
b'Mordecai Kaplan',/m/056d_,1881
b'Hazrat Babajan',/m/0cpsbj,1806
b'Meher Baba',/m/057p_,1894
b'Upasni Maharaj',/m/0cprqc,1870
b'Oswald Spengler',/m/05nj0,1880
b'Taha Hussein',/m/05n4mk,1889
b'Peter Singer',/m/05xnb,1946
b'Paul Val\xc3\xa9ry',/m/05vy1,1871
b'Pope John Paul II',/m/05yfx,1920
b'Josef Pieper',/m/0770h_,1904
b'Pherecydes of Syros',/m/03g3d3,-564
b'Thales',/m/07dl6,-622
b'Robert Anton Wilson',/m/06hgj,1932
b'Poul Martin M\xc3\xb8ller',/m/0193t0,1794
b'Robert M. Pirsig',/m/06hkh,1928
b'Friedrich Adolf Trendelenburg',/m/04q1q6,1802
b'\xc3\x89tienne Gilson',/m/044g6w,1884
b'Olaf Stapledon',/m/0ph77,1886
b'Umberto Eco',/m/07vw5,1932
b'Ted Nelson',/m/07rrt,1937
b'Khwaja Shamsuddin Azeemi',/m/0264nkt,1927
b'Vladimir Vernadsky',/m/07zsx,1863
b'Himerius',/m/05cdm7,0315
b'Zeno of Citium',/m/09863,-332
b'Christian Jakob Kraus',/m/0ckcm9,1753
b'Joshua Knobe',/m/043qvvf,1753
b'Crates of Thebes',/m/0krkh,-364
b'Richard H\xc3\xb6nigswald',/m/09hz57,1875
b'Aron Gurwitsch',/m/066v4x,1901
b'John Austin',/m/03r2d0,1790
b'Joseph Raz',/m/07c37_,1939
b'Oksana Zabuzhko',/m/027s_gd,1960
b'Susan Haack',/m/01vmpn,1945
b'Richard Taylor',/m/05y7f05,1919
b'Fethullah G\xc3\xbclen',/m/04pl6c,1941
b'Ernest Lepore',/m/02rc14f,1950
b'Bernard Gert',/m/03t2dq,1934
b'Clitomachus',/m/06h032,-186
b'Lon L. Fuller',/m/0209h5,1902
b'Brian Barry',/m/06q4kd,1936
b'Luciano Floridi',/m/0c6g6s,1964
b'Kurt Singer',/m/0dttqg,1886
b'Diogenes Allen',/m/05x_nj4,1932
b'Fran\xc3\xa7ois Picavet',/m/0b5j3b,1851
b'Fred Feldman',/m/05x_yml,1941
b'Richard Popkin',/m/04hlxr,1923
b'Ernst Bloch',/m/02r76r,1885
b'Graham Harman',/m/08fzjv,1968
b'Ibn Yunus',/m/03xxhv,0950
"b""Ch'ien Mu""",/m/03nnc3d,1895
b'Chris Harman',/m/02vk95,1942
b'H\xc3\xa9ctor-Neri Casta\xc3\xb1eda',/m/0kt7yn,1924
b'Pierre Hadot',/m/05vdbw9,1922
b'Paolo Virno',/m/04jb0c0,1952
b'Norman Malcolm',/m/032wb9,1911
b'Norbert Bolz',/m/06w9xrt,1953
b'Peter Ludlow',/m/08ht64,1957
b'Jason Stanley',/m/0kt8pp,1969
b'Ramchandra Gandhi',/m/02z69ms,1937
b'Nicholas Wolterstorff',/m/0419d0,1932
b'Kendall Walton',/m/06dty2,1939
b'Todd May',/m/03d6htc,1955
b'Muhammad Iqbal',/m/01y58x,1877
b'Stephen David Ross',/m/02qcmrd,1935
b'Franz Rosenzweig',/m/01hk6q,1886
b'Alain de Benoist',/m/02_r4k,1943
b'Bernard Bosanquet',/m/05wj_3m,1848
b'Cornel West',/m/02szmg,1953
b'Ali Shariati',/m/014_yc,1933
b'Helena Blavatsky',/m/016hbf,1831
b'John Searle',/m/012ssr,1932
b'John Cage',/m/0hgqq,1912
b'John McMurtry',/m/01tnn7,1939
b'Jean Vanier',/m/02vznn,1928
b'Judea Pearl',/m/033w0f,1936
b'Langdon Winner',/m/01q5c5,1944
b'Paul Kurtz',/m/01t5wz,1925
b'Ramakrishna',/m/026m9d,1836
b'Zygmunt Bauman',/m/0313tv,1925
b'William Lane Craig',/m/01tpjh,1949
b'Christian Thomasius',/m/01926f,1655
b'Peter Lamborn Wilson',/m/0188lg,1945
b'Philippe Descola',/m/04053hc,1949
b'Claude Lefort',/m/07xsdp,1924
b'Laurence A. Rickels',/m/03hn44b,1954
b'Hermann Heller',/m/06s79c,1891
b'John Haugeland',/m/01xw_6,1945
b'Jakob Friedrich Fries',/m/018fvk,1773
b'Friedrich Eduard Beneke',/m/018ftg,1798
b'George Boolos',/m/01y0tp,1940
b'Herbert Blumer',/m/05gqhm,1900
b'Jerzy Prokopiuk',/m/0gk95f,1931
b'Costanzo Preve',/m/0dm0q8,1943
b'Eugene Kamenka',/m/08x447,1928
b'John Passmore',/m/028950f,1914
b'Edgar Morin',/m/08nqnm,1921
b'Pavel Florensky',/m/086p39,1882
b'Arda Denkel',/m/0641mj9,1949
b'Shahab al-Din Yahya ibn Habash Suhrawardi',/m/03vjcd,1155
b'Ernest Sosa',/m/0brqns,1940
b'Isaac Israeli ben Solomon',/m/046bqg,0832
b'Christian von Ehrenfels',/m/03ks6s,1859
b'Paul Virilio',/m/02xccx,1932
b'Emil du Bois-Reymond',/m/01l6f0,1818
b'William A. Earle',/m/0dqxxp,1919
b'Peter Suber',/m/01zs6q,1951
b'Ghulam Ali Dihlawi',/m/0cmc6ws,1743
b'Roy Bhaskar',/m/02zhkm,1944
b'Giovanni Botero',/m/05zf5b,1544
b'Fazal Ali Qureshi',/m/0ch34v_,1544
b'Georg Bernhard Bilfinger',/m/06_d9g,1693
b'Greg Bahnsen',/m/07js6_,1948
b'John Frame',/m/03_cdw,1939
b'Kam\xc4\x81l al-D\xc4\xabn al-F\xc4\x81ris\xc4\xab',/m/05sfk0,1267
b'Avital Ronell',/m/05z_ym,1952
b'Richard Jeffrey',/m/0bvlrv,1926
b'Yamazaki Ansai',/m/075j34,1619
b'Qalandar Baba Auliya',/m/026_mg_,1898
b'Hastings Rashdall',/m/05xd41c,1858
b'Peter Winch',/m/05y3b2z,1926
b'Eugen Relgis',/m/0gh8wl3,1895
b'Avempace',/m/02ms38,1080
b'Ronald Dworkin',/m/01rbsv,1931
b'Jeremy Waldron',/m/05zk3z,1953
b'George Dickie',/m/06z_g7,1926
b'Robert S. Corrington',/m/02q7fh6,1950
b'Zaki al-Arsuzi',/m/056508,1900
b'Morris Raphael Cohen',/m/036b2v,1880
b'John Rawls',/m/0x3r3,1921
b'Pierre Bourdieu',/m/0rls8,1930
b'Claude Adrien Helv\xc3\xa9tius',/m/01bwl8,1715
b'Ray Brassier',/m/03hkn8t,1965
b'Giorgio Agamben',/m/01vr7x,1942
b'Clinomachus',/m/03h4nt7,1942
b'Edouard Schure',/m/05qdf5x,1841
b'Richard Tarnas',/m/0bt2p6,1950
b'Ivo Urban\xc4\x8di\xc4\x8d',/m/04jnb18,1930
b'Jo\xc5\xbee Pu\xc4\x8dnik',/m/02vyht2,1932
b'Henri Bourassa',/m/01kp0x,1868
b'Northrop Frye',/m/0myp_,1912
b'Anthony John Patrick Kenny',/m/01s3b_,1931
b'Barry Stroud',/m/03cx883,1935
b'Alexandre Koj\xc3\xa8ve',/m/039tyk,1902
b'Alexander Bogdanov',/m/060dx2,1873
b'Alcmaeon of Croton',/m/06ppv8,-600
b'Isaiah Berlin',/m/014nx0,1909
b'G. E. M. Anscombe',/m/02tc9g,1919
b'Hans Sluga',/m/056jjf,1939
b'Harold Innis',/m/0184tt,1894
b'Colin McGinn',/m/02yrjh,1950
b'Hippasus',/m/03q0l5,-600
b'Asclepiodotus of Alexandria',/m/03d1x7k,0500
b'Damascius',/m/014_q_,0500
b'John Gray',/m/041ydw,1948
b'John McDowell',/m/01f2rc,1942
b'Jean Baudrillard',/m/01hmpq,1929
b'Gila Sher',/m/02rhl9k,1929
b'John Etchemendy',/m/0dpsxx,1952
b'Maurice Blanchot',/m/01m29m,1907
b'Lucien Goldmann',/m/063l0j,1913
b'Keith Lehrer',/m/06zkby,1936
b'Luce Irigaray',/m/02wjfw,1930
b'Marinus of Neapolis',/m/01_b_7,0440
b'Keith DeRose',/m/02qdjpg,1962
b'Roderick T. Long',/m/06rr91,1964
b'Samuel von Pufendorf',/m/01926v,1632
b'Peter Hacker',/m/0dhvs7,1939
b'Stephen Toulmin',/m/0592mp,1922
b'Victor Cousin',/m/017lcv,1792
b'Paul Tillich',/m/025hnq,1886
b'J. M. E. McTaggart',/m/03c3_v,1866
b'Philolaus',/m/01k73v,-469
b'Ghulam Bhik Nairang',/m/026q5qq,1876
b'Peter Wessel Zapffe',/m/065xs,1899
b'Kurt Grelling',/m/05bp_p,1886
b'Walter J. Ong',/m/04btzp,1912
b'Hans Reichenbach',/m/059cpt,1891
b'William L. Rowe',/m/02qpts6,1931
b'George Croom Robertson',/m/01l6cy,1842
b'Zechariah Chafee',/m/05vq17y,1885
b'Max Frisch',/m/01spn2,1911
b'Edgar Quinet',/m/01s8yk,1803
b'Michael Dummett',/m/01s3d2,1925
b'John Toland',/m/01l8wn,1670
b'Tyler Burge',/m/0b9p5k,1946
b'David Pearce',/m/01lmjr,1946
b'Nick Bostrom',/m/024r3r,1973
b'Mohsen Kadivar',/m/03fdzl,1959
b'Metrocles',/m/03pfkf,-400
b'J\xc4\x81bir ibn Hayy\xc4\x81n',/m/0g_ks,0721
b'Richard Boyd',/m/0d58kr,1942
b'Socrates',/m/06mrq,-469
b'Voltaire',/m/07ym0,1694
b'Cicero',/m/01tf5,-106
b'\xc3\x89mile Armand',/m/05d5kj,1872
b'James Hutchison Stirling',/m/04lhff,1820
b'Odo Marquard',/m/05y431s,1928
b'Haji Dost Muhammad Qandhari',/m/09gjkl0,1928
b'Muhammad Hamidullah',/m/05yfqc7,1908
b'Arthur Prior',/m/05w44s2,1914
b'Kit Fine',/m/0b3dmq,1946
b'Jacques Maritain',/m/02t88h,1882
b'Diogenes La\xc3\xabrtius',/m/0krmh,0180
b'Michael Hardt',/m/02pyjw,1960
b'Georg Anton Friedrich Ast',/m/05hbxv,1778
b'Peter Achinstein',/m/049_lx,1935
b'Imre Lakatos',/m/09l2q,1922
b'Abdolkarim Soroush',/m/04mjx0,1945
b'Gayatri Chakravorty Spivak',/m/01t23c,1942
b'Edwin Arthur Burtt',/m/076mwy,1892
b'B. W. Powe',/m/0fkb9r,1955
b'Andr\xc3\xa9 Glucksmann',/m/06fb43,1937
b'Anders Chydenius',/m/030cqw,1729
b'David Ray Griffin',/m/05zjkz,1939
b'Morteza Motahhari',/m/05_n9f,1919
b'J. P. Moreland',/m/05t65j,1948
b'R. Radhakrishnan',/m/09gkygn,1949
b'Ion Heliade R\xc4\x83dulescu',/m/093130,1802
b'Charles Hartshorne',/m/02svrd,1897
b'Gajanan Maharaj',/m/05qhyz,1897
b'Pierre Charron',/m/01sjky,1541
b'Roberto Mangabeira Unger',/m/056xnr,1947
b'Raymond Williams',/m/016ff8,1921
b'Svetozar Markovi\xc4\x87',/m/04y51l,1846
b'Israr Ahmed',/m/07s3fm,1932
b'Hunayn ibn Ishaq',/m/0462f6,0808
b'Peter van Inwagen',/m/05mn7z,1942
b'Muhammad ibn al-Habib',/m/0d60pg,1876
b'Sam Harris',/m/079fgp,1967
b'Juli\xc3\xa1n Mar\xc3\xadas',/m/09k0p4,1914
b'John F. X. Knasas',/m/0bqgql,1948
b'Alexander Nehamas',/m/04crlg,1946
b'Mary Daly',/m/032q5v,1928
b'John Finnis',/m/06dlgw,1940
b'Alex Callinicos',/m/0278g0,1950
b'John Perry',/m/07th7w,1943
b'Chris Bateman',/m/090yzw,1972
b'Keith Ward',/m/0bmm5j,1938
b'Hamid Dabashi',/m/08x12g,1951
b'Seyla Benhabib',/m/0bgwxt,1950
b'Timothy Sprigge',/m/02r4v1,1932
b'Olavo de Carvalho',/m/022kp6,1947
b'Walter Charleton',/m/03xsmt,1619
b'Brand Blanshard',/m/02qxnk,1892
b'Sibawayh',/m/03p08g,0760
b'Eugen D\xc3\xbchring',/m/042t1y,1833
b'Michael Otsuka',/m/0b1jdy,1964
b'Michel Henry',/m/05hr60,1922
b'Sufyan al-Thawri',/m/0d6z20,0716
b'I. A. Richards',/m/028ws7,1893
b'Kenneth E. Boulding',/m/0322cj,1910
b'Wolfgang Smith',/m/02rxdfx,1930
b'Christine Korsgaard',/m/01bqsn,1952
b'Stanis\xc5\x82aw Le\xc5\x9bniewski',/m/026lh8,1886
b'Mark Bevir',/m/0279f24,1963
b'Charles Sanders Peirce',/m/01ty4,1839
b'Susanne Katherina Langer',/m/0771w3,1895
b'Richard Cumberland',/m/02mzdw,1631
b'Wilbur Marshall Urban',/m/02vx_jf,1873
b'Eubulides',/m/02pvg,-500
b'Bell Hooks',/m/01cj42,1952
b'Fakhr ad-Din ar-Razi',/m/01w6t8,1149
b'Iamblichus',/m/036n69,0250
b'Aedesius',/m/0_r4,0250
b'Speusippus',/m/02whph,-407
b'Xenocrates',/m/0172r1,-395
b'Syed Ahmad Khan',/m/02g7z5,1817
b'Walter Benjamin',/m/01h2_6,1892
b'Florian Znaniecki',/m/042ng8,1882
b'Jin Yuelin',/m/0dnx5t,1895
b'Hao Wang',/m/0424j5,1921
b'Norman O. Brown',/m/04x9n7,1913
b'R. M. Hare',/m/01kblf,1919
b'Albert of Saxony',/m/03hd6x,1316
b'John Lachs',/m/05xvc__,1934
b'Daniel Ross',/m/0h1pwy,1970
b'Jos\xc3\xa9 Gaos',/m/09f2t6,1900
b'Thomas Pangle',/m/08kbhg,1944
b'Tara Smith',/m/0b49cd,1961
b'Ignacio Ellacur\xc3\xada',/m/02sgkx,1930
b'James Franklin',/m/02qltkl,1953
b'Keith Donnellan',/m/0byc9d,1931
b'Chantal Mouffe',/m/02xrbf,1943
b'Ullin Place',/m/0c04ph,1924
b'Helen Longino',/m/0dh3jf,1944
b'Philipp Mainl\xc3\xa4nder',/m/02y5yw,1841
b'Al-Ghazali',/m/012prf,1058
b'Vladimir Lossky',/m/09ypp7,1903
b'Alexandru Dimitrie Xenopol',/m/09qwv6,1847
b'Nahum Norbert Glatzer',/m/0gkwn1,1903
b'Mihai Ralea',/m/0wqxy66,1896
b'B. F. Skinner',/m/01jv4,1904
b'A.J. Ayer',/m/0w2w,1910
b'Alan Turing',/m/0n00,1912
b'Nicarete of Megara',/m/03m5qqz,1912
b'Albert Schweitzer',/m/05vwxf7,1875
b'Avicenna',/m/0m93,0980
b'Abraham Joshua Heschel',/m/011qh,1907
b'Alain de Lille',/m/0q60,1120
b'Amalric of Bena',/m/0ryy,1200
b'Theodorus the Atheist',/m/03cjtjh,-339
b'Ammonius Hermiae',/m/0skf,0440
b'Anaximander',/m/0mm8,-609
b'Anaximenes of Miletus',/m/0sst,-585
b'C. D. Broad',/m/05wvm8h,1887
b'Daniel Dennett',/m/02fc2,1942
b'Eric Hoffer',/m/02lzx,1902
b'Robert Nozick',/m/06k0y,1938
b'Charles Malik',/m/0h2vxk,1906
b'Ervin L\xc3\xa1szl\xc3\xb3',/m/077pvj,1932
b'F. S. C. Northrop',/m/09035_,1893
b'Isabelle Stengers',/m/027t2kg,1949
b'Jules Vuillemin',/m/03hp457,1920
b'Paul Weiss',/m/05y90yc,1901
b'Thomas Jay Oord',/m/0b1rdg,1965
b'Emil Cioran',/m/01l8_n,1911
b'Carl Friedrich von Weizs\xc3\xa4cker',/m/04rl4x,1912
b'Dagfinn F\xc3\xb8llesdal',/m/0f934y,1932
b'Boetius of Dacia',/m/0bdh31,1300
b'Edward Westermarck',/m/05wm9_b,1862
b'\xc3\x89tienne Souriau',/m/06zl5yn,1892
b'Louis Rougier',/m/0g1vg0,1889
b'Jean-Fran\xc3\xa7ois Lyotard',/m/01k3dv,1924
b'Jyotirao Phule',/m/030jtz,1827
b'Moncure D. Conway',/m/01h39m,1832
b'Jiva Goswami',/m/098xl_,1511
b'Nancey Murphy',/m/0cpz00,1511
b'Gilbert Harman',/m/05mdm2,1938
b'Hipparchia of Maroneia',/m/0cg0d2,-0349
b'John Selden',/m/01c0ss,1584
b'William Thompson',/m/05kd5z,1775
b'Gerardus Heymans',/m/01cwy0,1857
b'Randall Collins',/m/0c0zs7,1941
b'Mario Bunge',/m/01ckmh,1919
b'\xc3\x89mile Littr\xc3\xa9',/m/01cd1v,1801
b'Harriet Martineau',/m/01fbhx,1802
b'Siger of Brabant',/m/01bwwr,1240
b'Sri Aurobindo',/m/01gwlg,1872
b'Pierre Leroux',/m/01f3pm,1797
b'Mozi',/m/01by94,-469
b'Harry Frankfurt',/m/04rxxy,1929
b'Susan R. Wolf',/m/019ts_,1952
b'Nicholas Roerich',/m/01fpf6,1874
b'P. D. Ouspensky',/m/01fjj4,1878
b'Petar II Petrovi\xc4\x87-Njego\xc5\xa1',/m/01hlpc,1813
b'Grace Ji-Sun Kim',/m/0h680xz,1969
b'Ernst Mally',/m/0644qk,1879
b'Edward N. Zalta',/m/07lr3z,1952
b'David Malet Armstrong',/m/06mn3v,1926
b'John Elof Boodin',/m/067m79,1869
b'Jaegwon Kim',/m/07dkzy,1934
b'Al-Dhahabi',/m/063cnf,1274
b'Harold Arthur Prichard',/m/06r3tg,1871
b'H. H. Price',/m/086z4h,1899
b'George H. Smith',/m/05v3k3,1949
b'Patrick Suppes',/m/0cps10,1922
b'Larry Laudan',/m/026r115,1941
b'Ibn Rajab',/m/0ckcfr,1335
b'Tzvetan Todorov',/m/05xb11l,1939
b'David Abram',/m/03crhvv,1957
b'Eugene Gendlin',/m/060wmv,1926
b'Peter D. Klein',/m/04stz6,1940
b'Dean Zimmerman',/m/05sy02k,1940
b'Anniceris',/m/07r3vt,-400
b'Jacques Bouveresse',/m/025zjj4,1940
b'Freya Mathews',/m/05xrtv2,1949
"b""Abd al-Rahim ibn al-Husain al-'Iraqi""",/m/0c26rk,1325
b'R. A. W. Rhodes',/m/0by0lp_,1944
b'Terence Parsons',/m/025vyxy,1939
b'Hans Joas',/m/0g5dlb,1948
b'Angela Davis',/m/0cz_y,1944
b'Carlo Penco',/m/0bd2cq,1948
b'Timothy Williamson',/m/08nh_k,1955
b'John Hawthorne',/m/02pl9qb,1955
b'Nur ad-Din al-Bitruji',/m/086mb7,1200
b'Kenneth Binmore',/m/09rhsl,1940
b'Alexander Piatigorsky',/m/0b81xv,1929
b'Amartya Sen',/m/0djqc,1933
b'Antonio Gramsci',/m/0fkyd,1891
b'Bob Black',/m/0ffzr,1951
b'Kuno Fischer',/m/01b5j7,1824
b'Gottlob Frege',/m/0cz35,1848
b'Emmanuel Levinas',/m/0mj3d,1906
b'Dayananda Saraswati',/m/0cdf6,1824
b'Jean Piaget',/m/0nkt0,1896
b'Jeremy Bentham',/m/0cgwf,1748
b'Paul Feyerabend',/m/0g7kc,1924
b'Rudolf Carnap',/m/0fx12,1891
b'Saul Kripke',/m/0cwlg,1940
b'Nikos Kazantzakis',/m/0dkjj,1883
b'Raymond Smullyan',/m/0fmgf,1919
b'Sarvepalli Radhakrishnan',/m/0cdc_,1888
b'Muhammad ibn Zakariya al-Razi',/m/0kfmt,0864
b'Robert Grosseteste',/m/0nfsf,1175
"b""Pietro d'Abano""",/m/0kzf8,1250
b'W. E. B. Du Bois',/m/0mddq,1868
b'Richard Rorty',/m/01d494,1931
b'George Trumbull Ladd',/m/074p1v,1842
b'Antisthenes',/m/0p765,-443
b'Francisco Varela',/m/0k6q5,1946
b'Auberon Herbert',/m/027yvp,1838
b'Carlos Vaz Ferreira',/m/02r5t9d,1872
b'Sphaerus',/m/03c1ryc,-0284
b'Sachal Sarmast',/m/09d2z6,1739
"b""Muhammad Husayn Tabataba'i""",/m/050hw4,1892
b'Daisaku Ikeda',/m/02qg44,1928
b'Judith Jarvis Thomson',/m/06r376,1929
b'Charles Secr\xc3\xa9tan',/m/037n4p,1815
b'Michael J. Sandel',/m/02s4tw,1953
b'Henry Corbin',/m/05x14p_,1903
b'Lucian Blaga',/m/02rrmy,1895
b'Hermann Cohen',/m/02mnz5,1842
b'Hayden White',/m/04dfr2,1928
b'Walter of Bruges',/m/04yffp8,1928
b'Matthew of Aquasparta',/m/02pjsvg,1240
b'Brian J. Mistler',/m/0267_dt,1240
b'Marcel Gauchet',/m/05vfl6f,1946
b'Yin Haiguang',/m/0_1lq2b,1919
b'Yi Hwang',/m/01y8hx,1501
b'Edward Abbey',/m/01_wkb,1927
b'Robert Audi',/m/0cp500,1941
b'\xc4\xbdudov\xc3\xadt \xc5\xa0t\xc3\xbar',/m/01yyzl,1815
b'Jos\xc3\xa9 Ingenieros',/m/0cr6by,1877
b'Al-Ma\xca\xbfarri',/m/06c81y,0973
b'Allan Gotthelf',/m/0274p57,1942
b'Sean Dorrance Kelly',/m/0gds1lv,1942
b'Gonzalo Arango',/m/0502vn,1931
b'Elisabeth Lloyd',/m/02773xc,1956
b'Gala Galaction',/m/0cqb8t,1879
b'Mar\xc3\xada Zambrano',/m/026z7xj,1904
b'J. David Velleman',/m/03c9w8s,1952
b'John William Miller',/m/027qq0r,1895
b'Semyon Frank',/m/027dxvc,1877
b'\xc3\x81gnes Heller',/m/06s96n,1929
b'Stephen Yablo',/m/047lyk_,1957
b'Theophrastus',/m/0p7fb,-370
b'Plotinus',/m/09kw9,0203
b'Confucius',/m/01rll,-549
b'Georges Ivanovitch Gurdjieff',/m/01whq3q,1866
b'Mencius',/m/01b_fn,-371
b'Shibli Nomani',/m/05lsw2,1857
b'Miguel de Unamuno',/m/017cgg,1864
"b'Oliver Wendell Holmes, Jr.'",/m/02knb_,1841
b'Boethius',/m/01bt14,0480
b'Robert Cummings Neville',/m/02r67sf,1939
b'Simon Blackburn',/m/028xtj,1944
b'Gordon Clark',/m/03z40r,1902
b'Polemon',/m/02pqkyp,-400
b'Porphyry',/m/03clpz,0233
b'Diogenes of Sinope',/m/01j107,-410
b'Charles Blount',/m/08bkvk,1654
b'Hierocles of Alexandria',/m/0ksrk,0500
b'George Grant',/m/02nb6t,1918
b'Gareth Evans',/m/0396px,1946
b'Saadi Shirazi',/m/025xvp9,1203
b'Zhuang Zhou',/m/0164zy,-364
b'Crantor',/m/016_s1,-400
b'Lawrence Kohlberg',/m/0169yd,1927
b'Gershom Carmichael',/m/01d2mn,1672
b'Michael Oakeshott',/m/022j_j,1901
b'Dariush Shayegan',/m/04dmhm,1935
"b""Abul A'la Maududi""",/m/03ymgq,1903
b'Sayyid Qutb',/m/02v15j,1906
b'John P. Burgess',/m/080b7c9,1948
b'James F. Conant',/m/08w834,1958
b'Abdullah Yusuf Azzam',/m/03xcfc,1941
b'Laurence BonJour',/m/05f2q7,1943
"b'Anthony Ashley-Cooper, 3rd Earl of Shaftesbury'",/m/02rpkj,1671
b'William Christian',/m/09dj64,1945
b'Peter K. Unger',/m/046h74,1942
b'Helena Roerich',/m/041mry,1879
b'Ata ibn Abi Rabah',/m/0h25f0,1879
b'Ibn Jurayj',/m/0h1vfb,1879
b'Sandra Laugier',/m/02rs23y,1961
b'Edward John Carnell',/m/07kfmr,1919
b'Stephen Neale',/m/0b8n7z,1958
b'Ibn Hajar Al-Asqalani',/m/08sl4n,1372
b'Laozi',/m/0h9wp,-603
b'Eusebius',/m/02rv0,0265
b'George Campbell',/m/08js7h,1719
b'Ahmad Sirhindi',/m/07fl2y,1562
b'Dan Goldstick',/m/056cvn,1562
b'Tajuddin Muhammad Badruddin',/m/03d5h8j,1861
b'Muhammad al-Tijani',/m/08wh5l,1943
b'Tariq Ramadan',/m/02sgnh,1962
b'Thomas Nagel',/m/01bcs9,1937
b'Hamka',/m/02q8_l_,1908
b'Rainer Forst',/m/0g7ycg,1964
b'Ra\xc3\xabl',/m/02cwgr,1946
b'Hossein Nasr',/m/0191kj,1933
b'M. N. Roy',/m/044kw0,1887
b'Allan Gibbard',/m/0c3ykv,1942
b'Husain Ahmad Madani',/m/0d4qjk,1879
b'Nick Land',/m/05zj9rr,1962
b'Hisham ibn Urwah',/m/08mq84,0680
b'Anthony Collins',/m/019vb0,1676
b'Ronald H. Nash',/m/0_yk05s,1936
b'George Hourani',/m/05wd3lc,1913
b'Javed Ahmad Ghamidi',/m/098f5y,1951
b'Paul Watzlawick',/m/03_7q3,1921
b'John E. Hare',/m/05y4x3y,1949
b'Hassan al-Banna',/m/025rvz6,1906
b'Maria Montessori',/m/0gp7h9,1870
b'Spencer Heath',/m/0b8rbc,1876
b'Cora Diamond',/m/08w5gg,1937
b'Cesare Cremonini',/m/0285zb1,1550
b'Stephen Mulhall',/m/02wx56q,1962
b'Matt Cohen',/m/05knrh,1942
b'Gershom Scholem',/m/04lqww,1897
b'Alexander of Aphrodisias',/m/0rc_,0200
b'Albertus Magnus',/m/0r24,1193
b'Homer',/m/03k0n,1193
b'Herman Dooyeweerd',/m/01c4z1,1894
b'Jun Tsuji',/m/0126cl,1884
b'Lewis Call',/m/03mb_f9,1884
b'Richard David Precht',/m/05szj4q,1964
b'Bonaventure',/m/0nlm4,1217
b'Jonathan Edwards',/m/0dpv5,1703
b'Simplicius of Cilicia',/m/0ktfp,0490
b'Paul Guyer',/m/05xvg_x,1948
b'Muhammad Mustafa Jauhar',/m/065yt05,1895
b'E. H. Carr',/m/032hxd,1892
b'William Kingdon Clifford',/m/01l6p5,1845
b'Fernando Savater',/m/04sh3l,1947
b'Erin Manning',/m/0g595wd,1969
b'Archimedes',/m/0tnc,-286
b'David the Invincible',/m/09h2_9,0600
b'Barry Smith',/m/085m0s,1952
b'Joseph Owens',/m/05w61m3,1908
b'Leonardo Polo',/m/09nz9w,1926
b'Mortimer J. Adler',/m/04xm3,1902
b'\xc4\xb0oanna Ku\xc3\xa7uradi',/m/04zxwjf,1936
b'Roberto Torretti',/m/05mxmd_,1930
b'Justin Oakley',/m/02z4y2f,1960
b'Nel Noddings',/m/0h7d52,1929
b'Peter Kreeft',/m/05j9pp,1937
b'Dimitris Liantinis',/m/04jl6x1,1942
b'Hector Zagal',/m/03cdnjv,1966
b'Boris Groys',/m/0584959,1947
b'Nicole Oresme',/m/02tfcy,1322
b'Agust\xc3\xadn Garc\xc3\xada Calvo',/m/033610,1926
b'Cl\xc3\xa9ment Rosset',/m/027jnch,1939
b'Bryan Magee',/m/05wb1x2,1930
b'John Hick',/m/0530xz,1922
b'Tibor R. Machan',/m/05zwfc,1939
b'Leonard Read',/m/03rmkl,1898
b'Liu Junning',/m/0bbzjt6,1961
b'Julius Thomas Fraser',/m/05vy815,1923
b'Errol Harris',/m/02q_ls7,1908
b'Stephen Mumford',/m/02q_n2w,1965
b'Walter Terence Stace',/m/026jz1p,1886
b'Michael Tye',/m/02vpy2g,2000
b'Fran\xc3\xa7ois Noudelmann',/m/0g544j3,2000
b'Kiarina Kordela',/m/0c3tdp1,1963
b'Douglas Groothuis',/m/0gktc7,1957
b'David Blitz',/m/09cby_,1957
b'Carl von Clausewitz',/m/01tlc,1780
b'Neven Sesardi\xc4\x87',/m/0g_yqp,1949
b'Patricia Churchland',/m/026zkz,1943
b'Charles Stevenson',/m/02zbnb,1908
b'Theodore Drange',/m/02qhmv1,1934
b'Annette Baier',/m/06f7tm,1929
b'Emanuel Swedenborg',/m/01gnng,1688
b'Eino Kaila',/m/04q6dy,1890
b'Ernest Renan',/m/01b728,1823
b'Villy S\xc3\xb8rensen',/m/0kt77f,1929
b'Sarah Kofman',/m/05ycp70,1934
b'Simon Glendinning',/m/0bx_jtr,1964
b'Raymond Geuss',/m/037y6m,1946
b'Raya Dunayevskaya',/m/03t30h,1910
b'Susan Buck-Morss',/m/0fqq7rt,1910
b'Lorenzo Pe\xc3\xb1a',/m/05zmz4t,1944
b'Albert Hofstadter',/m/0by0jgt,1910
b'Joseph Margolis',/m/02pwhtk,1924
b'Kwame Anthony Appiah',/m/0457hc,1954
b'George Henry Lewes',/m/01fbnv,1817
b'Friedrich Wilhelm Foerster',/m/0jt3gbw,1869
b'Thomas Pogge',/m/04f48r,1953
b'Rudolf Eisler',/m/0km47s6,1873
b'John Theophilus Desaguliers',/m/0561kv,1683
b'Jiddu Krishnamurti',/m/018fkc,1895
b'Martial Gueroult',/m/02z7_94,1891
b'John Armstrong',/m/05xwg99,1966
b'Craig Bartholomew',/m/09gh31z,1961
b'Richard Aaron',/m/0f95jx,1901
b'Jos\xc3\xa9 de Espronceda',/m/033nbj,1808
b'Alexander Tarasov',/m/04d_r8_,1958
b'Benny L\xc3\xa9vy',/m/08hm54,1945
b'Ivan Svit\xc3\xa1k',/m/05z_cs5,1925
b'Debiprasad Chattopadhyaya',/m/05y4rj5,1918
b'Adam Schaff',/m/05x569s,1913
b'Ludvig Holberg',/m/01375h,1684
b'Pascal Engel',/m/02rs270,1954
b'Rose Rand',/m/02rl77l,1903
b'Ian Hacking',/m/01vrsw,1936
b'Giovanni Piana',/m/0ktdmp,1940
b'C. J. F. Williams',/m/0gkywxy,1930
b'Sissela Bok',/m/026cvrn,1934
b'Jorge \xc3\x81ngel Livraga Rizzi',/m/070f7q,1930
b'John Daniel Wild',/m/02x1yvj,1902
b'Albert Rivaud',/m/02z89x_,1876
b'Jean-Luc Marion',/m/099ldv,1946
b'Bernard Le Bovier de Fontenelle',/m/015_bs,1657
b'Bracha L. Ettinger',/m/03c_bkb,1948
b'Sun Tzu',/m/0dnb6,-542
b'Theodor Lipps',/m/08kwss,1851
b'John Haldane',/m/05vchph,1954
b'Walker Percy',/m/0fsqq,1916
b'James Francis Ross',/m/0cmc3jn,1931
b'Jan Narveson',/m/013xnw,1936
b'James M. Edie',/m/02ww0dj,1927
b'Zenon Pylyshyn',/m/0kt182,1937
b'Peter Carruthers',/m/03qjdbp,1952
"b""Abu'l-Fida""",/m/064l_vn,1273
"b""Abu al-Hasan al-Ash'ari""",/m/0629m9,0873
b'Ahmad ibn Muhammad Al-Tahawi',/m/0h18mm,0843
b'Ali al-Qari',/m/0ktdhh,0843
b'Abu Yusuf',/m/0d3064,0731
b'Han Yu',/m/026cz1,0768
b'Henrik Steffens',/m/025dsl,1773
b'Max M\xc3\xbcller',/m/02qrf2x,1906
b'Jean Hyppolite',/m/03dnnj,1907
b'Ferdinand Alqui\xc3\xa9',/m/092fzy,1906
b'Gary Chartier',/m/07kd_41,1966
b'Arthur Koestler',/m/0j2v,1905
b'Ren\xc3\xa9 Girard',/m/04vf6k,1923
b'Cornelius Jansen',/m/01bbgf,1585
b'Agrippa the Skeptic',/m/06pp44,0100
b'Erhard Weigel',/m/0c8w9g,1625
b'Gaius Musonius Rufus',/m/015hnk,0025
b'Henri-Fr\xc3\xa9d\xc3\xa9ric Amiel',/m/037n6y,1821
b'Apollodorus the Epicurean',/m/03cndqv,1821
b'Eoin \xc3\x93 Broin',/m/02r7yrq,1972
b'Hermann Samuel Reimarus',/m/0187yz,1694
b'Jan Standonck',/m/0fm71g,1454
b'Johann Georg Heinrich Feder',/m/02ww0gl,1740
b'D. T. Suzuki',/m/036fy1,1870
b'Gary Habermas',/m/0767lx,1950
b'Frederick James Eugene Woodbridge',/m/08nx7t,1867
b'Anselm of Canterbury',/m/0xlc,1033
b'Rosa Luxemburg',/m/017ft0,1871
b'James Bugental',/m/027f4w0,1915
b'Antipater of Tarsus',/m/02pmd4w,-300
b'Evert Willem Beth',/m/06s3mm,1908
b'Hans Kamp',/m/0416x7z,1940
b'Adam of Dryburgh',/m/0285xj_,1140
b'Tommaso Palamidessi',/m/02r6dnb,1915
b'Thomas Brown',/m/01h8p3,1778
b'Paul Grice',/m/01xf_n,1913
b'Cas Wouters',/m/0c40gq_,1943
b'Marilyn Frye',/m/0b3qlb,1941
b'Nahmanides',/m/014bzk,1194
b'Mario Javier Saban',/m/05mxfcg,1966
b'Jaime Balmes',/m/012_zp,1810
b'Julius Caesar Scaliger',/m/0161ks,1484
b'Syed Faiz-ul Hassan Shah',/m/03cz4qf,1911
b'Casimir Lewy',/m/0287flv,1919
b'Hermann Blumenau',/m/05kj7p,1819
b'Gotthard G\xc3\xbcnther',/m/02qnt8,1900
b'Konstantin Leontiev',/m/07gg_5,1831
b'T. M. Scanlon',/m/0b8m23,1940
b'Aleksei Losev',/m/081pm9,1893
b'Gustav Teichm\xc3\xbcller',/m/0f533l,1832
b'Mary Ainsworth',/m/0bd_k4,1913
b'Isaac Levi',/m/027sv04,1930
b'Eduardo Nicol',/m/0d_w6m,1907
b'Gu Zhun',/m/09rbyw,1915
b'Daniel Raymond',/m/051vhm,1786
b'Al-Raghib al-Isfahani',/m/026nxlm,1786
b'Constantin Noica',/m/05l737,1909
b'Gilles Lipovetsky',/m/02vvxxm,1944
b'Malek Bennabi',/m/0dq7ys,1905
b'Jawdat Said',/m/026gwhx,1931
b'Harold Joachim',/m/07_6j4,1868
b'Ludwig Klages',/m/08ctmb,1872
b'\xc3\x89tienne Balibar',/m/034w02,1942
b'Jakob Thomasius',/m/0286pw3,1622
b'G. M. Syed',/m/0f7xfz,1904
b'U. G. Krishnamurti',/m/02dc11,1918
b'Adi Shankara',/m/019fqd,0788
b'Humberto Maturana',/m/02gscz,1928
b'William Leiss',/m/0b564w,1939
b'Charles Parsons',/m/05zlz4,1933
b'Antoine Destutt de Tracy',/m/01bzb8,1754
b'G\xc3\xbcnther Anders',/m/0gvlhj,1902
b'Henri Wallon',/m/026yrww,1879
b'Tan Sitong',/m/06m89w,1865
b'Richard Montague',/m/02w79t,1930
b'Wolfgang Stegm\xc3\xbcller',/m/026j0fd,1923
b'Kurt Rudolf Fischer',/m/02pp5w7,1922
b'Volker Zotz',/m/026tx97,1956
b'Mir Tanha Yousafi',/m/03c3_1h,1955
b'David Kaplan',/m/054r6m,1933
b'Nathan Salmon',/m/06l0tb,1951
b'Trevor Pinch',/m/0c6g9m,1952
b'Charles P\xc3\xa9guy',/m/01rsf2,1873
b'Abraham Kuyper',/m/01sjxm,1837
b'Thomas Metzinger',/m/01tyy2,1958
b'Richard J. Mouw',/m/05wxjr7,1940
b'Prabhat Ranjan Sarkar',/m/03h52n,1921
b'Camil Petrescu',/m/03rykf,1894
b'Quentin Smith',/m/094gbx,1952
b'Demonax',/m/087sc2,0200
b'Maurice Pradines',/m/02ryk58,1874
b'Nae Ionescu',/m/0b1jw5,1890
b'Surendranath Dasgupta',/m/0b7s7z,1887
b'Nikolay Chernyshevsky',/m/01rd0v,1828
b'Hanns Heinz Ewers',/m/03x8tq,1871
b'Rogers Albritton',/m/03ck587,1923
b'Tahir Allauddin Al-Qadri Al-Gillani',/m/03hhjy9,1932
b'Petre \xc8\x9au\xc8\x9bea',/m/03gzvr4,1902
b'Vil\xc3\xa9m Flusser',/m/05shc8,1920
b'Ian Rumfitt',/m/0bmf7k_,1964
b'Rosi Braidotti',/m/02698ng,1954
b'Richard J. F. Day',/m/0cc5c5,1964
b'Jonathan Bennett',/m/06n_f7,1930
b'Robert J. C. Young',/m/08ppw3,1950
b'David Gauthier',/m/0cwph,1932
b'David Wood',/m/026j94s,1946
b'Gregg Lambert',/m/05x2ln1,1961
b'Yang Zhu',/m/0362_p,-0369
b'J\xc3\xb3zef Maria Boche\xc5\x84ski',/m/03_q1_,1902
b'Karl L\xc3\xb6with',/m/035jms,1897
b'Eliyahu Eliezer Dessler',/m/0323mq,1891
b'Herbert Spiegelberg',/m/02phvt0,1904
b'Bar Hebraeus',/m/01_j2k,1226
b'Francis of Assisi',/m/032p8,1181
b'Dimitris Dimitrakos',/m/02vq0t2,1936
b'Galen',/m/037h0,0129
b'Georg Cantor',/m/036ks,1845
b'Gautama Buddha',/m/015k7,-565
b'Paul R. Patton',/m/03cp0lb,1950
b'Giuseppe Mazzini',/m/096zc,1805
b'Heinrich Hertz',/m/03hht,1857
b'Giles Hooper',/m/0bh7jm2,1974
b'John of the Cross',/m/0c4j4,1542
b'Joseph Priestley',/m/0b0bx,1733
b'Tony Fry',/m/0gg8bx1,1733
b'Stuart Hampshire',/m/036cfm,1914
b'Michael Polanyi',/m/04znx,1891
b'Nagarjuna',/m/05k88,0150
b'James D. McCawley',/m/04ylyk,1938
b'Mylan Engel',/m/0264z2k,1960
b'James Rachels',/m/09g15n,1941
b'Ptolemy',/m/05_0t,0100
b'Ralph Cudworth',/m/06jd6,1617
b'Alastair Hannay',/m/075vxh,1932
b'Philip Lindholm',/m/0gwl41,1932
b'Mostafa Malekian',/m/07r1_t,1956
b'William A. Dembski',/m/0btty,1960
b'Robert J. Marks II',/m/03cgzd3,1950
b'Michael Devitt',/m/0kt4z3,1938
b'William Crathorn',/m/0462ttb,1938
b'Yisroel Salanter',/m/02nktb,1810
b'Diogenes of Babylon',/m/07v8fr,1810
b'Najmuddin Kubra',/m/073fgx,1145
b'Najm al-Din Razi',/m/073fs0,1177
b'Hugh of Saint-Cher',/m/05ccwq,1200
b'Yusuf Islahi',/m/051xc05,1932
b'Jacob Needleman',/m/02qhwqh,1934
b'Jalaluddin Umri',/m/02x02c4,1934
b'Mary Midgley',/m/03h9k5,1919
b'Sarfraz Ahmed Naeemi',/m/06614h2,1948
b'Abdul Haq Ansari',/m/0535tfw,1931
b'Sadat Husaini',/m/05f60dn,1973
b'Fazlur Rahman Faridi',/m/080h3c7,1932
b'Abul Hasan Ali Hasani Nadwi',/m/026f_my,1914
b'Jean-Marie Guyau',/m/06zcxr,1854
b'Rush Rhees',/m/0d9c10,1905
b'Gy\xc3\xb6rgy M\xc3\xa1rkus',/m/092hvd,1934
b'Pietro Pomponazzi',/m/079jld,1462
b'Frank Cameron Jackson',/m/06gk0h,1943
b'Donald T. Campbell',/m/08h3fs,1916
b'Jean-Pierre Faye',/m/026xqt1,1925
b'Ladislav Kl\xc3\xadma',/m/07tm9j,1878
b'Brian Skyrms',/m/05wcpgr,1938
b'Frank Sibley',/m/03mdl47,1923
b'Joseph Gabel',/m/05xg97y,1912
b'Ath\xc4\xabr al-D\xc4\xabn al-Abhar\xc4\xab',/m/05sd3y,1200
b'Arthur F. Holmes',/m/0c5r5_,1924
b'Tran Duc Thao',/m/0bv7x1,1917
b'John of Jandun',/m/0brmb2,1280
b'Takeshi Umehara',/m/02rjq9g,1925
b'Ch\xc3\xb6gyam Trungpa',/m/01cy4k,1939
b'Solomon Feferman',/m/01zt32,1928
b'Kahlil Gibran',/m/018whv,1883
b'Grace Lee Boggs',/m/09rv1q,1915
b'Friedrich Meinecke',/m/05n8x6,1862
b'Judah Halevi',/m/01y8_n,1079
b'Hyakuz\xc5\x8d Kurata',/m/02q1dvm,1891
b'Simone Porzio',/m/07mjqb,1497
b'Tadeusz Kotarbi\xc5\x84ski',/m/03_3vt,1886
b'J\xc3\xb3zef Tischner',/m/073z_z,1931
b'William Pepperell Montague',/m/0265tnx,1873
b'Roy Wood Sellars',/m/076mn_,1880
b'Dimitrie Gusti',/m/0d8g4d,1880
b'Paul Natorp',/m/0774z5,1854
b'Paul-Louis Couchoud',/m/05tmc1,1879
b'Ralph Barton Perry',/m/08nw33,1876
b'Stephen Stich',/m/08ml6f,1943
b'Muhammad Tahir-ul-Qadri',/m/060vj_,1951
"b""Al-Jubba'i""",/m/059twx,0850
b'Nuel Belnap',/m/04m6yc,1930
b'Saneatsu Mushanok\xc5\x8dji',/m/07351s,1885
b'Linji Yixuan',/m/015y0s,1885
b'Moses Hess',/m/045f0v,1812
b'David Estlund',/m/09ggtcq,1812
b'Hans Cornelius',/m/05rk_7,1863
b'Dwight Macdonald',/m/095kpq,1906
b'Cyprian Norwid',/m/02vdq1,1821
b'Isaac Beeckman',/m/03zpty,1588
b'Paul Nizan',/m/04tk8t,1905
b'Narayan Maharaj',/m/0crz_1,1885
b'Syrianus',/m/04zf57,0400
b'Menippus',/m/01kwzd,-309
b'St\xc3\xa9phane Lupasco',/m/021xwr,1900
b'Vyasa',/m/01s5sm,-400
b'Ramana Maharshi',/m/01ryqk,1879
b'Eleanor Duckworth',/m/05s_h9m,1935
b'Vincenzo Gioberti',/m/03df7k,1801
b'Al-Farabi',/m/017n3l,0872
b'Dugald Stewart',/m/017lr5,1753
b'Alfred Edward Taylor',/m/05wxpmz,1869
b'Abu al-Qasim al-Khoei',/m/036h4t,1899
b'Shabir Ally',/m/07s3b3g,1899
b'Antonio Rosmini-Serbati',/m/03df9s,1797
b'Tom Regan',/m/044tfk,1938
b'Frank Meyer',/m/0579_b,1909
b'Richard Sylvan',/m/05xpwd2,1935
b'David Hartman',/m/05wnw4l,1931
b'Donniel Hartman',/m/09v7fdz,1931
b'Muhammad ash-Shawkani',/m/0czgq7,1759
b'Fredric Jameson',/m/01zzm1,1934
b'Gerard van der Leeuw',/m/027cyjb,1890
b'Stephen R. L. Clark',/m/05vsk4p,1945
b'Huineng',/m/01qysw,0638
b'Herman Bavinck',/m/05h7dq,1854
b'D. H. Th. Vollenhoven',/m/05ct13,1892
b'Charles Simi\xc4\x87',/m/041jv2,1938
b'Liang Qichao',/m/03_qp4,1873
b'Shakuntala Singh',/m/0cj1nk,1952
b'Ubaidullah Sindhi',/m/0blnc0,1872
b'Ramanuja',/m/043dfd,1017
b'Gregory Vlastos',/m/040c92,1907
b'William Ernest Hocking',/m/045gyp,1873
b'Mi\xc5\xa1ko \xc5\xa0uvakovi\xc4\x87',/m/02r4x55,1954
b'Micha\xc5\x82 S\xc4\x99dziw\xc3\xb3j',/m/042ldl,1566
b'Paul Thagard',/m/0b1nm5,1950
b'Xenophanes',/m/01gkyh,-569
b'Plutarch of Athens',/m/03d5f6s,0350
b'Jean-Luc Nancy',/m/02k02f,1940
b'Alois Riehl',/m/09hzg7,1844
b'Ludovico Geymonat',/m/0djd6b,1908
b'Peter Munz',/m/02vq0p_,1921
b'Matthew Lipman',/m/0d1d_4,1922
b'Curt John Ducasse',/m/092_ht,1881
b'Pasquale Galluppi',/m/08318t,1770
b'Giorgio Del Vecchio',/m/02rz4rp,1878
b'Ludwig B\xc3\xbcchner',/m/04w76r,1824
b'Nicomachus',/m/02xbh3,0060
b'Adolfo S\xc3\xa1nchez V\xc3\xa1zquez',/m/09f4qv,1915
b'Kurt Baier',/m/06mnh5,1917
b'Vasile Conta',/m/0fzwzb,1845
b'Athanasius of Alexandria',/m/014kt,0295
b'Alhazen',/m/0rvb,0965
b'Alfred Korzybski',/m/0jrz,1879
b'Clement of Alexandria',/m/022n9,0150
b'Miura Baien',/m/0660b2t,1723
b'Diodorus Cronus',/m/07c_gz,-400
b'Durandus of Saint-Pour\xc3\xa7ain',/m/0bsh7w,1270
b'John Philoponus',/m/07x02d,0490
b'Pietro Verri',/m/07n4_c,1728
b'Ira Shor',/m/0c99l_,1945
b'Philo the Dialectician',/m/03cvc_w,-400
b'Petrus Aureolus',/m/080y5n,1280
b'Petrus Ramus',/m/01t84d,1515
b'Irving Kristol',/m/01hcmw,1920
b'Ibn Arabi',/m/01cg5t,1165
b'Hugues Felicit\xc3\xa9 Robert de Lamennais',/m/01f605,1782
b'Karl Daub',/m/01hh3w,1765
b'Samuel Clarke',/m/05vd5g5,1675
b'Pelagius',/m/01brlr,0360
b'14th Dalai Lama',/m/01hw4n,1935
b'Paul J. Griffiths',/m/083624,1955
b'Sara Ruddick',/m/0bs3g54,1935
b'Fred Dretske',/m/086k8v,1932
b'Robert Merrihew Adams',/m/06gl1r,1937
b'Luigi Pareyson',/m/02qt5m_,1918
b'Jacob Moleschott',/m/0bcbrf,1822
"b'Edgar A. Singer, Jr.'",/m/0flvbt,1873
b'Constantin Stere',/m/0fzbdq,1865
b'\xe2\x80\x98Abd ar-Razzaq as-San\xe2\x80\x98ani',/m/0krtty,0126
b'James P. Carse',/m/0gqh35,0126
b'Henri Gouhier',/m/0fmcfr,1898
b'Aron Katsenelinboigen',/m/0gptxs,1927
b'Bernard-Henri L\xc3\xa9vy',/m/01z58b,1948
b'Girolamo Savonarola',/m/0d8wb,1452
b'Bob Hale',/m/03cnlj3,1945
b'Hu Shih',/m/0lz2n,1891
"b""Jean le Rond d'Alembert""",/m/0dhpq,1717
b'Marin Mersenne',/m/0jmr3,1588
b'Friedrich von H\xc3\xbcgel',/m/086ypn,1852
b'Hui Shi',/m/045h3c,-400
b'Hugh of Saint Victor',/m/0548qx,1096
b'Vandana Shiva',/m/0krsd,1952
b'D\xc5\x8dgen',/m/0k033,1200
b'Kabir',/m/0k6vm,1440
b'Zhang Zai',/m/06r652,1020
b'Cornelio Fabro',/m/09k3zd,1911
b'Joseph D. Sneed',/m/03k4yp,1938
b'Henry of Ghent',/m/03fp4v,1217
b'Abu Mansur Al-Maturidi',/m/02sg71,0852
b'Gilles-Gaston Granger',/m/02x2mp9,1920
b'Hendrik G. Stoker',/m/02qslp6,1899
b'Richard Wollheim',/m/020s8r,1923
b'Jonathan Lear',/m/09t4hx,1948
b'Edward Carpenter',/m/023g_4,1844
b'Elbert Hubbard',/m/02glnq,1856
b'C. E. M. Joad',/m/03rwk0,1891
b'Susan Neiman',/m/02ptt4_,1955
b'Jean-Michel Berthelot',/m/06_x9y3,1945
b'Amina Mama',/m/05xnyjq,1958
b'Rupert Read',/m/03d0htf,1966
b'John Koethe',/m/04gpvm5,1945
b'Patanjali',/m/05ygd,1945
b'Adriana Cavarero',/m/04lh_p4,1947
b'Francisco de Vitoria',/m/03_vl0,1460
b'Susan Hurley',/m/03g_595,1954
b'Harriet Taylor Mill',/m/03v0gx,1807
b'Zoilus',/m/01kh84,-399
b'Syed Shujaat Ali Qadri',/m/0bbxb88,1941
b'Robert Alexy',/m/04v7h_,1945
b'Abd al-Rahman al-Kawakibi',/m/02r88dx,1855
b'Patricia Hill Collins',/m/06c_kn,1948
b'Henry More',/m/01x9q2,1614
b'Delfim Santos',/m/06znfjs,1907
b'Tawus ibn Kaysan',/m/0d2wzt,1907
b'Mark Poster',/m/05y39dp,1941
b'Roger Bacon',/m/06g98,1220
b'Muhammad Farooq Khan',/m/0dlk_3s,1956
b'Friedrich Karl Forberg',/m/0269q50,1770
b'Vinoba Bhave',/m/0vhmy,1895
b'Ferdinand Fellmann',/m/0bwmk76,1939
b'Hameeduddin Aqil',/m/0fqs15v,1928
b'Irving Copi',/m/0byms3,1917
b'Numenius of Apamea',/m/07gh19,0200
b'Kuruvilla Pandikattu',/m/0c00mkt,1957
b'Ammonius Saccas',/m/0sks,0175
b'Fazlul Haque Amini',/m/064mjzs,1943
b'Werner Krieglstein',/m/04y8kpg,1941
b'K. D. Sethna',/m/06cj_f,1904
b'Harold Rosenberg',/m/07yz_t,1906
b'Rasheed Turabi',/m/0g215h,1908
b'Alain Finkielkraut',/m/01gkql,1949
b'Jane Jacobs',/m/0jdcc,1916
b'Paul Lorenzen',/m/07400c,1915
b'Sandra Harding',/m/055xzl,1935
b'Wahb ibn Munabbih',/m/0b5lqx,0655
b'Ivan Ilyin',/m/082trs,1883
b'Tang Junyi',/m/02qt6yg,1909
b'Gustavo Bueno',/m/05p5zm_,1924
b'Ram\xc3\xb3n Xirau',/m/03chh1g,1924
b'Shai Bernstein',/m/02z77lt,1895
b'Richard Carrier',/m/0c1qrn,1969
b'Ioannis Kottounios',/m/0fmddn,1577
b'Hasdai Crescas',/m/03c3yw,1340
b'Balthasar Bekker',/m/084100,1634
b'Arnold Geulincx',/m/044g6g,1624
b'Philip Pettit',/m/0bd0vr,1945
b'Frances Kamm',/m/03c4_08,1945
b'Iain King',/m/02qmld2,1971
b'Theodor Lessing',/m/0fw9_f,1872
b'Shantideva',/m/0jn_d,0685
b'Je Tsongkhapa',/m/04sr_4,1357
b'Asa\xe1\xb9\x85ga',/m/0gdkf,0300
b'Marpa Lotsawa',/m/03zslj,1012
b'Naropa',/m/05jnvc,1016
b'Ati\xc5\x9ba',/m/01c3g3,0982
b'Vasubandhu',/m/01sd15,0400
b'Milarepa',/m/03yvtr,1051
b'Harald H\xc3\xb8ffding',/m/017lf2,1843
b'Ferdinand T\xc3\xb6nnies',/m/01tph8,1855
b'Lawrence Sklar',/m/09gdh78,1938
b'Mahmoud Khatami',/m/0g3b5d,1963
b'Philippe Lacoue-Labarthe',/m/04brth,1940
b'Ernst Tugendhat',/m/05wk1bs,1930
b'Antonio Millan Puelles',/m/02rfb1g,1921
b'Marc Richir',/m/0kf6g59,1943
"b'W.W. Bartley, III'",/m/06g7p7,1934
b'John Wisdom',/m/06r0j5,1904
b'Wilmon Henry Sheldon',/m/0bxyw2s,1875
b'Norwood Russell Hanson',/m/04zvgk,1924
b'Michael Ignatieff',/m/0g3l5v,1947
b'Maxine Greene',/m/04lht88,1917
b'Abai Qunanbaiuli',/m/017n4d,1845
b'Russell Grigg',/m/05vzlhj,1951
b'Jean-Paul Valabrega',/m/0kckrvf,1922
b'Jean-Bertrand Pontalis',/m/0c3k3pq,1924
b'Georgi Plekhanov',/m/01rcmv,1856
b'Jeremy Weate',/m/0372mw,1969
b'Enrique D Dussel',/m/05v_7l2,1934
b'Jacob Klein',/m/0dbzzq,1899
b'Paul Boghossian',/m/0bxkrm,2000
b'Richard Dedekind',/m/0ccwd,1831
b'Harry Austryn Wolfson',/m/02kx5b,1887
b'Michael Novak',/m/01d1v6,1933
b'Bruno Leoni',/m/0chz38,1913
b'Carlo Lottieri',/m/0h2gkw,1960
b'Jacobus Arminius',/m/022gc4,1560
b'Heron Santana',/m/028b3dy,1962
b'Paul Gottfried',/m/01h_pp,1941
b'Iris Marion Young',/m/0bq8x5,1949
b'Yuval Steinitz',/m/0krw20,1958
b'Yeshayahu Leibowitz',/m/0424qz,1903
b'Kenneth Burke',/m/036cc8,1897
b'Ludwik Fleck',/m/07ky44,1896
b'James McCosh',/m/01d897,1811
b'Fernando Flores',/m/0sxm2,1943
b'Fred Newman',/m/03dc20,1935
b'Costas Douzinas',/m/05whl98,1951
b'Arthur Balfour',/m/012l1m,1848
b'Ron McClamrock',/m/0b7cqg,1848
b'Michel de Certeau',/m/03fh72,1925
b'Heinrich Gomperz',/m/0chvpn,1873
b'Johann Heinrich Pestalozzi',/m/02vtc2,1746
b'Harry Prosch',/m/02bqds,1917
b'Yunmen Wenyan',/m/03d03s,0864
b'Johann Jakob Bachofen',/m/02qww7,1815
b'Paul Edwards',/m/06r6ql,1923
b'Joseph B. Soloveitchik',/m/015y7r,1903
b'Joshua Cohen',/m/09hhhh,1980
b'John Hospers',/m/02m6pd,1918
b'Aryadeva',/m/0c9lby,1918
b'Candrak\xc4\xabrti',/m/02rtb3,0600
b'Buddhap\xc4\x81lita',/m/0c9l74,0470
b'Padmasambhava',/m/01c1c7,0470
b'Thubten Zopa Rinpoche',/m/07j1bg,1945
b'Dolpopa Sherab Gyaltsen',/m/08x20y,1292
b'Taranatha',/m/09llbn,1575
b'Judah Loew ben Bezalel',/m/017vdv,1512
b'Anaxarchus',/m/0sqj,1512
b'Arnold Gehlen',/m/02x758,1904
b'Tommaso Campanella',/m/015s1y,1568
b'Ibn Abi al-Izz',/m/0dchx2,1331
b'Ghulam Rasool Jamaati',/m/026k5vl,1923
b'Myles Burnyeat',/m/02pn78q,1939
b'Hamid Raza Khan',/m/07k4ht5,1875
b'Orestes Brownson',/m/03njl6,1803
b'Ramiro de Maeztu',/m/02vxqz7,1874
b'Francis J. Beckwith',/m/07qcnm,1960
"b""Sa'id ibn Jubayr""",/m/046r61,0665
"b""Atiyya ibn Sa'd""",/m/047jdy,0665
b'Mirza Fatali Akhundov',/m/0cyk_t,1812
b'Ebrahim Desai',/m/02649jd,1812
b'Simion B\xc4\x83rnu\xc8\x9biu',/m/08c2mn,1808
b'Shah Abdul Aziz',/m/0ksrfn,1745
b'George Ohsawa',/m/05y88f,1893
b'Tyler Gillies',/m/05ldpbm,1984
b'Wasif Ali Wasif',/m/0bnmrz,1929
b'Maria Gaetana Agnesi',/m/04_mq,1718
b'Heinrich Loewe',/m/05v7_sd,1869
b'Will Durant',/m/01p8sj,1885
b'Witelo',/m/03zddf,1230
b'Feng Youlan',/m/032scb,1895
b'Cesare Beccaria',/m/01bwlp,1738
b'Cornelis Drebbel',/m/035ttn,1572
b'Dirck Coornhert',/m/07srbp,1522
b'Isidore of Seville',/m/03zwm,0560
b'Bertrand de Jouvenel',/m/072y20,1903
b'David Cassel',/m/0dsw47,1818
b'Duncan Kennedy',/m/01rmh0,1942
b'Alain LeRoy Locke',/m/02666qv,1885
b'Adelard of Bath',/m/0lqbm,1080
b'Herman of Carinthia',/m/0p9mp,1100
b'Sun Yat-sen',/m/0m56y,1866
b'Albert M. Wolters',/m/08dc3q,1942
b'James R Payton Jr.',/m/09g99y8,1942
b'G\xc3\xa9rard Granel',/m/02rmj9m,1930
b'Mich\xc3\xa8le Le D\xc5\x93uff',/m/06f9lp,1948
b'Manuel Chrysoloras',/m/015sq0,1350
b'Algernon Sidney',/m/01ljdc,1623
b'Hans Driesch',/m/037qvn,1867
b'Jos\xc3\xa9 Vasconcelos',/m/04hv08,1882
b'Paul R\xc3\xa9e',/m/0952l9,1849
b'Dmitry Merezhkovsky',/m/07jknw,1865
b'Silvio Ceccato',/m/02690y0,1914
